name,position,nfl_team,games,pass_yards,pass_td,pass_int,rush_yards,rush_td,receptions,rec_yards,rec_td,fumbles_lost,fg_made,xp_made,def_int,def_safeties,def_sacks,def_fumble_rec,def_td,points_allowed_per_game,yards_allowed_per_game
Josh Allen,QB,BUF,17.0,3718.0,30.0,13.0,611.0,11.0,,,,4.0,,,,,,,,,
Lamar Jackson,QB,BAL,17.0,3366.0,33.0,11.0,602.0,3.0,,,,4.0,,,,,,,,,
Dak Prescott,QB,DAL,17.0,4434.0,33.0,12.0,173.0,2.0,,,,2.0,,,,,,,,,
Trevor Lawrence,QB,JAC,17.0,3845.0,31.0,15.0,330.0,6.0,,,,3.0,,,,,,,,,
Jayden Daniels,QB,WAS,17.0,3424.0,26.0,12.0,744.0,5.0,,,,2.0,,,,,,,,,
Brock Purdy,QB,SF,17.0,4134.0,30.0,16.0,349.0,5.0,,,,5.0,,,,,,,,,
Caleb Williams,QB,CHI,17.0,3911.0,30.0,10.0,401.0,2.0,,,,2.0,,,,,,,,,
Joe Burrow,QB,CIN,17.0,4265.0,34.0,14.0,165.0,1.0,,,,1.0,,,,,,,,,
Drake Maye,QB,NE,17.0,3844.0,28.0,11.0,514.0,4.0,,,,6.0,,,,,,,,,
Jalen Hurts,QB,PHI,17.0,3375.0,26.0,6.0,490.0,8.0,,,,4.0,,,,,,,,,
Jaxson Dart,QB,NYG,17.0,3519.0,26.0,14.0,531.0,7.0,,,,2.0,,,,,,,,,
Patrick Mahomes,QB,KC,17.0,3685.0,29.0,12.0,436.0,4.0,,,,1.0,,,,,,,,,
Matthew Stafford,QB,LAR,17.0,4049.0,34.0,7.0,38.0,0.0,,,,2.0,,,,,,,,,
Jared Goff,QB,DET,17.0,4242.0,34.0,10.0,44.0,0.0,,,,4.0,,,,,,,,,
Justin Herbert,QB,LAC,17.0,3772.0,28.0,13.0,518.0,2.0,,,,2.0,,,,,,,,,
Baker Mayfield,QB,TB,17.0,3953.0,29.0,15.0,397.0,2.0,,,,3.0,,,,,,,,,
Daniel Jones,QB,IND,17.0,3846.0,30.0,11.0,167.0,3.0,,,,3.0,,,,,,,,,
Malik Willis,QB,MIA,17.0,3103.0,26.0,17.0,724.0,5.0,,,,6.0,,,,,,,,,
Kyler Murray,QB,MIN,17.0,3477.0,28.0,20.0,491.0,4.0,,,,4.0,,,,,,,,,
Bo Nix,QB,DEN,17.0,3507.0,27.0,10.0,306.0,3.0,,,,1.0,,,,,,,,,
Sam Darnold,QB,SEA,17.0,4129.0,32.0,14.0,145.0,0.0,,,,6.0,,,,,,,,,
C.J. Stroud,QB,HOU,17.0,3924.0,28.0,12.0,249.0,1.0,,,,3.0,,,,,,,,,
Tyler Shough,QB,NO,17.0,4012.0,24.0,14.0,327.0,4.0,,,,4.0,,,,,,,,,
Jordan Love,QB,GB,17.0,3691.0,29.0,10.0,187.0,0.0,,,,2.0,,,,,,,,,
Bryce Young,QB,CAR,17.0,3377.0,26.0,14.0,282.0,4.0,,,,2.0,,,,,,,,,
Jacoby Brissett,QB,ARI,17.0,3774.0,25.0,12.0,255.0,2.0,,,,6.0,,,,,,,,,
Cam Ward,QB,TEN,17.0,3341.0,24.0,10.0,149.0,3.0,,,,6.0,,,,,,,,,
Tua Tagovailoa,QB,ATL,17.0,3455.0,24.0,10.0,54.0,0.0,,,,2.0,,,,,,,,,
Geno Smith,QB,NYJ,17.0,2942.0,25.0,16.0,255.0,1.0,,,,1.0,,,,,,,,,
Aaron Rodgers,QB,PIT,17.0,3033.0,22.0,9.0,68.0,1.0,,,,2.0,,,,,,,,,
Deshaun Watson,QB,CLE,17.0,2654.0,17.0,11.0,256.0,2.0,,,,5.0,,,,,,,,,
Fernando Mendoza,QB,LV,17.0,2608.0,18.0,16.0,257.0,1.0,,,,2.0,,,,,,,,,
Kirk Cousins,QB,LV,17.0,666.0,5.0,4.0,9.0,0.0,,,,1.0,,,,,,,,,
Michael Penix Jr.,QB,ATL,17.0,609.0,4.0,2.0,18.0,0.0,,,,0.0,,,,,,,,,
Shedeur Sanders,QB,CLE,17.0,663.0,4.0,3.0,65.0,0.0,,,,1.0,,,,,,,,,
Ty Simpson,QB,LAR,17.0,450.0,4.0,1.0,32.0,0.0,,,,0.0,,,,,,,,,
Marcus Mariota,QB,WAS,17.0,342.0,3.0,1.0,6.0,0.0,,,,0.0,,,,,,,,,
Tyler Huntley,QB,BAL,17.0,133.0,1.0,0.0,28.0,0.0,,,,0.0,,,,,,,,,
Jarrett Stidham,QB,DEN,17.0,143.0,1.0,0.0,19.0,0.0,,,,0.0,,,,,,,,,
Shane Buechele,QB,BUF,17.0,151.0,1.0,0.0,20.0,0.0,,,,0.0,,,,,,,,,
Will Levis,QB,TEN,17.0,136.0,1.0,0.0,19.0,0.0,,,,0.0,,,,,,,,,
Mason Rudolph,QB,PIT,17.0,135.0,1.0,0.0,17.0,0.0,,,,0.0,,,,,,,,,
Desmond Ridder,QB,GB,17.0,151.0,1.0,0.0,21.0,0.0,,,,0.0,,,,,,,,,
Davis Mills,QB,HOU,17.0,160.0,1.0,0.0,19.0,0.0,,,,0.0,,,,,,,,,
Joe Milton III,QB,DAL,17.0,181.0,1.0,0.0,21.0,0.0,,,,0.0,,,,,,,,,
Garrett Nussmeier,QB,KC,17.0,111.0,1.0,0.0,8.0,0.0,,,,0.0,,,,,,,,,
Cole Payton,QB,PHI,17.0,105.0,1.0,0.0,10.0,0.0,,,,0.0,,,,,,,,,
Behren Morton,QB,NE,17.0,118.0,1.0,0.0,9.0,0.0,,,,0.0,,,,,,,,,
Carson Beck,QB,ARI,17.0,116.0,1.0,0.0,7.0,0.0,,,,0.0,,,,,,,,,
Gardner Minshew,QB,ARI,17.0,154.0,1.0,0.0,16.0,0.0,,,,0.0,,,,,,,,,
Tanner McKee,QB,PHI,17.0,129.0,1.0,0.0,16.0,0.0,,,,0.0,,,,,,,,,
Anthony Richardson,QB,IND,2.0,109.0,1.0,0.0,20.0,0.0,,,,0.0,,,,,,,,,
Adrian Martinez,QB,SF,17.0,115.0,1.0,0.0,7.0,0.0,,,,0.0,,,,,,,,,
Mitch Trubisky,QB,TEN,17.0,123.0,1.0,0.0,7.0,0.0,,,,0.0,,,,,,,,,
Joshua Dobbs,QB,DET,17.0,180.0,1.0,0.0,9.0,0.0,,,,0.0,,,,,,,,,
Nick Mullens,QB,JAC,17.0,102.0,1.0,0.0,4.0,0.0,,,,0.0,,,,,,,,,
Tyson Bagent,QB,CHI,17.0,158.0,1.0,0.0,14.0,0.0,,,,0.0,,,,,,,,,
Chris Oladokun,QB,KC,17.0,148.0,1.0,0.0,18.0,0.0,,,,1.0,,,,,,,,,
Riley Leonard,QB,IND,17.0,161.0,1.0,0.0,20.0,0.0,,,,1.0,,,,,,,,,
Kyle Allen,QB,BUF,17.0,96.0,1.0,0.0,2.0,0.0,,,,0.0,,,,,,,,,
Jake Browning,QB,TB,17.0,152.0,1.0,1.0,26.0,0.0,,,,0.0,,,,,,,,,
Quinn Ewers,QB,MIA,17.0,124.0,1.0,1.0,19.0,0.0,,,,0.0,,,,,,,,,
Will Howard,QB,PIT,17.0,101.0,1.0,0.0,8.0,0.0,,,,0.0,,,,,,,,,
Jalen Milroe,QB,SEA,17.0,90.0,1.0,0.0,15.0,0.0,,,,0.0,,,,,,,,,
Andy Dalton,QB,PHI,17.0,140.0,1.0,0.0,23.0,0.0,,,,1.0,,,,,,,,,
Drew Allar,QB,PIT,17.0,101.0,1.0,0.0,8.0,0.0,,,,0.0,,,,,,,,,
J.J. McCarthy,QB,MIN,17.0,136.0,1.0,1.0,19.0,0.0,,,,0.0,,,,,,,,,
Spencer Rattler,QB,NO,17.0,161.0,1.0,1.0,17.0,0.0,,,,0.0,,,,,,,,,
Mac Jones,QB,SF,17.0,167.0,1.0,1.0,18.0,0.0,,,,0.0,,,,,,,,,
Trey Lance,QB,LAC,17.0,149.0,1.0,1.0,19.0,0.0,,,,0.0,,,,,,,,,
Brady Cook,QB,NYJ,17.0,120.0,1.0,1.0,21.0,0.0,,,,0.0,,,,,,,,,
Justin Fields,QB,KC,17.0,148.0,1.0,1.0,21.0,0.0,,,,0.0,,,,,,,,,
Drew Lock,QB,SEA,17.0,159.0,1.0,1.0,21.0,0.0,,,,0.0,,,,,,,,,
Kenny Pickett,QB,CAR,17.0,135.0,1.0,1.0,22.0,0.0,,,,0.0,,,,,,,,,
Cade Klubnik,QB,NYJ,17.0,90.0,1.0,0.0,9.0,0.0,,,,0.0,,,,,,,,,
Jameis Winston,QB,NYG,17.0,144.0,1.0,1.0,22.0,0.0,,,,1.0,,,,,,,,,
Joe Flacco,QB,CIN,17.0,174.0,1.0,1.0,16.0,0.0,,,,1.0,,,,,,,,,
Jahmyr Gibbs,RB,DET,17.0,,,,1349.0,15.0,74.0,624.0,5.0,1.0,,,,,,,,,
Bijan Robinson,RB,ATL,17.0,,,,1504.0,11.0,78.0,793.0,4.0,2.0,,,,,,,,,
Jonathan Taylor,RB,IND,17.0,,,,1578.0,15.0,42.0,345.0,2.0,2.0,,,,,,,,,
Derrick Henry,RB,BAL,17.0,,,,1650.0,15.0,17.0,171.0,1.0,2.0,,,,,,,,,
Christian McCaffrey,RB,SF,17.0,,,,1006.0,8.0,74.0,680.0,5.0,1.0,,,,,,,,,
De'Von Achane,RB,MIA,17.0,,,,1130.0,7.0,75.0,550.0,6.0,1.0,,,,,,,,,
James Cook,RB,BUF,17.0,,,,1437.0,9.0,32.0,274.0,2.0,3.0,,,,,,,,,
Chase Brown,RB,CIN,17.0,,,,1006.0,9.0,72.0,471.0,5.0,1.0,,,,,,,,,
Saquon Barkley,RB,PHI,17.0,,,,1376.0,7.0,40.0,313.0,2.0,1.0,,,,,,,,,
Josh Jacobs,RB,GB,17.0,,,,1006.0,13.0,35.0,283.0,1.0,1.0,,,,,,,,,
Kyren Williams,RB,LAR,17.0,,,,1113.0,10.0,34.0,250.0,3.0,2.0,,,,,,,,,
D'Andre Swift,RB,CHI,17.0,,,,1117.0,9.0,36.0,325.0,1.0,1.0,,,,,,,,,
Cam Skattebo,RB,NYG,17.0,,,,908.0,9.0,41.0,352.0,4.0,2.0,,,,,,,,,
Kenneth Walker III,RB,KC,17.0,,,,1158.0,8.0,47.0,360.0,0.0,1.0,,,,,,,,,
Bucky Irving,RB,TB,17.0,,,,1023.0,6.0,44.0,401.0,3.0,1.0,,,,,,,,,
Ashton Jeanty,RB,LV,17.0,,,,876.0,8.0,49.0,300.0,5.0,1.0,,,,,,,,,
Jeremiyah Love,RB,ARI,17.0,,,,997.0,8.0,43.0,364.0,2.0,3.0,,,,,,,,,
Travis Etienne,RB,NO,17.0,,,,938.0,5.0,47.0,358.0,5.0,1.0,,,,,,,,,
Omarion Hampton,RB,LAC,17.0,,,,892.0,10.0,47.0,299.0,2.0,1.0,,,,,,,,,
Javonte Williams,RB,DAL,17.0,,,,1089.0,10.0,29.0,141.0,1.0,2.0,,,,,,,,,
Breece Hall,RB,NYJ,17.0,,,,1014.0,6.0,40.0,370.0,2.0,2.0,,,,,,,,,
Bhayshul Tuten,RB,JAC,17.0,,,,890.0,11.0,16.0,128.0,3.0,3.0,,,,,,,,,
Quinshon Judkins,RB,CLE,17.0,,,,973.0,10.0,34.0,230.0,0.0,1.0,,,,,,,,,
Jadarian Price,RB,SEA,17.0,,,,980.0,9.0,20.0,222.0,1.0,3.0,,,,,,,,,
David Montgomery,RB,HOU,17.0,,,,1012.0,9.0,27.0,211.0,0.0,2.0,,,,,,,,,
J.K. Dobbins,RB,DEN,17.0,,,,1137.0,7.0,21.0,77.0,0.0,1.0,,,,,,,,,
Jaylen Warren,RB,PIT,17.0,,,,835.0,6.0,40.0,317.0,2.0,1.0,,,,,,,,,
TreVeyon Henderson,RB,NE,17.0,,,,884.0,7.0,33.0,207.0,1.0,1.0,,,,,,,,,
Rico Dowdle,RB,PIT,17.0,,,,833.0,7.0,36.0,253.0,1.0,1.0,,,,,,,,,
Jonathon Brooks,RB,CAR,17.0,,,,874.0,7.0,24.0,199.0,1.0,2.0,,,,,,,,,
Tony Pollard,RB,TEN,17.0,,,,993.0,6.0,34.0,215.0,0.0,3.0,,,,,,,,,
Rhamondre Stevenson,RB,NE,17.0,,,,694.0,7.0,33.0,332.0,2.0,3.0,,,,,,,,,
RJ Harvey,RB,DEN,17.0,,,,530.0,6.0,45.0,332.0,4.0,1.0,,,,,,,,,
Jordan Mason,RB,MIN,17.0,,,,904.0,7.0,18.0,82.0,0.0,1.0,,,,,,,,,
Jacory Croskey-Merritt,RB,WAS,17.0,,,,858.0,8.0,9.0,71.0,0.0,2.0,,,,,,,,,
Chuba Hubbard,RB,CAR,17.0,,,,709.0,5.0,33.0,210.0,3.0,1.0,,,,,,,,,
Kyle Monangai,RB,CHI,17.0,,,,852.0,5.0,23.0,208.0,0.0,1.0,,,,,,,,,
Kenneth Gainwell,RB,TB,17.0,,,,533.0,4.0,60.0,440.0,2.0,1.0,,,,,,,,,
Rachaad White,RB,WAS,17.0,,,,709.0,6.0,25.0,167.0,1.0,1.0,,,,,,,,,
Chris Rodriguez Jr.,RB,JAC,17.0,,,,694.0,8.0,2.0,23.0,0.0,1.0,,,,,,,,,
Aaron Jones,RB,MIN,17.0,,,,660.0,3.0,38.0,290.0,2.0,1.0,,,,,,,,,
Blake Corum,RB,LAR,17.0,,,,822.0,5.0,6.0,35.0,0.0,1.0,,,,,,,,,
Mike Washington Jr.,RB,LV,17.0,,,,612.0,4.0,27.0,227.0,1.0,2.0,,,,,,,,,
Tyrone Tracy Jr.,RB,NYG,17.0,,,,568.0,3.0,30.0,241.0,2.0,1.0,,,,,,,,,
Woody Marks,RB,HOU,17.0,,,,560.0,3.0,21.0,177.0,3.0,1.0,,,,,,,,,
Zach Charbonnet,RB,SEA,17.0,,,,507.0,7.0,20.0,161.0,0.0,1.0,,,,,,,,,
Kaelon Black,RB,SF,17.0,,,,593.0,5.0,13.0,127.0,1.0,2.0,,,,,,,,,
Braelon Allen,RB,NYJ,17.0,,,,550.0,6.0,15.0,111.0,1.0,3.0,,,,,,,,,
Tank Bigsby,RB,PHI,17.0,,,,649.0,5.0,4.0,35.0,0.0,1.0,,,,,,,,,
Jordan James,RB,SF,17.0,,,,493.0,4.0,24.0,233.0,1.0,2.0,,,,,,,,,
Isiah Pacheco,RB,DET,17.0,,,,616.0,3.0,26.0,156.0,1.0,1.0,,,,,,,,,
Tyjae Spears,RB,TEN,17.0,,,,349.0,4.0,50.0,327.0,1.0,1.0,,,,,,,,,
Brian Robinson Jr.,RB,ATL,17.0,,,,568.0,5.0,5.0,27.0,0.0,1.0,,,,,,,,,
Alvin Kamara,RB,NO,16.0,,,,498.0,3.0,34.0,244.0,0.0,1.0,,,,,,,,,
Tyler Allgeier,RB,ARI,17.0,,,,465.0,6.0,16.0,91.0,0.0,1.0,,,,,,,,,
Adam Randall,RB,BAL,17.0,,,,441.0,3.0,18.0,189.0,2.0,1.0,,,,,,,,,
Malik Davis,RB,DAL,17.0,,,,554.0,4.0,9.0,75.0,0.0,1.0,,,,,,,,,
Dylan Sampson,RB,CLE,17.0,,,,289.0,2.0,40.0,332.0,3.0,2.0,,,,,,,,,
James Conner,RB,ARI,17.0,,,,307.0,3.0,36.0,263.0,2.0,0.0,,,,,,,,,
Emari Demercado,RB,KC,17.0,,,,598.0,2.0,17.0,131.0,1.0,3.0,,,,,,,,,
Justice Hill,RB,BAL,17.0,,,,324.0,3.0,26.0,218.0,2.0,0.0,,,,,,,,,
AJ Dillon,RB,CAR,17.0,,,,529.0,3.0,18.0,146.0,1.0,5.0,,,,,,,,,
Emanuel Wilson,RB,SEA,17.0,,,,533.0,3.0,14.0,94.0,0.0,1.0,,,,,,,,,
Ty Johnson,RB,BUF,17.0,,,,225.0,2.0,24.0,281.0,3.0,0.0,,,,,,,,,
Christopher Brooks,RB,GB,17.0,,,,550.0,2.0,15.0,104.0,0.0,1.0,,,,,,,,,
Samaje Perine,RB,CIN,17.0,,,,443.0,4.0,17.0,132.0,0.0,3.0,,,,,,,,,
Jawhar Jordan,RB,HOU,17.0,,,,382.0,2.0,22.0,172.0,1.0,1.0,,,,,,,,,
Keaton Mitchell,RB,LAC,17.0,,,,473.0,2.0,11.0,72.0,0.0,1.0,,,,,,,,,
Najee Harris,RB,NYG,17.0,,,,353.0,3.0,9.0,75.0,0.0,0.0,,,,,,,,,
Kimani Vidal,RB,LAC,17.0,,,,332.0,2.0,16.0,145.0,1.0,0.0,,,,,,,,,
Jaylen Wright,RB,MIA,17.0,,,,384.0,2.0,7.0,49.0,0.0,2.0,,,,,,,,,
Brashard Smith,RB,KC,17.0,,,,178.0,1.0,21.0,142.0,1.0,0.0,,,,,,,,,
Kyle Juszczyk,RB,SF,17.0,,,,2.0,0.0,27.0,254.0,2.0,0.0,,,,,,,,,
Frank Gore Jr.,RB,BUF,17.0,,,,174.0,2.0,3.0,26.0,0.0,0.0,,,,,,,,,
Devin Neal,RB,NO,17.0,,,,180.0,2.0,5.0,35.0,0.0,0.0,,,,,,,,,
Roschon Johnson,RB,CHI,17.0,,,,116.0,3.0,3.0,18.0,0.0,0.0,,,,,,,,,
LeQuint Allen,RB,JAC,17.0,,,,218.0,1.0,9.0,50.0,0.0,0.0,,,,,,,,,
Seth McGowan,RB,IND,17.0,,,,141.0,2.0,2.0,25.0,0.0,0.0,,,,,,,,,
Phil Mafah,RB,DAL,17.0,,,,142.0,2.0,4.0,34.0,0.0,0.0,,,,,,,,,
Jerome Ford,RB,WAS,17.0,,,,194.0,1.0,8.0,46.0,0.0,0.0,,,,,,,,,
Kendre Miller,RB,NO,17.0,,,,140.0,2.0,2.0,11.0,0.0,0.0,,,,,,,,,
Sean Tucker,RB,TB,17.0,,,,145.0,2.0,1.0,6.0,0.0,0.0,,,,,,,,,
Isaiah Davis,RB,NYJ,17.0,,,,171.0,1.0,7.0,61.0,0.0,0.0,,,,,,,,,
Kaytron Allen,RB,WAS,17.0,,,,171.0,1.0,2.0,22.0,0.0,0.0,,,,,,,,,
Trayveon Williams,RB,DET,17.0,,,,138.0,1.0,9.0,77.0,0.0,0.0,,,,,,,,,
Elijah Mitchell,RB,PHI,17.0,,,,159.0,1.0,2.0,22.0,0.0,0.0,,,,,,,,,
Ty Chandler,RB,NO,17.0,,,,138.0,1.0,12.0,58.0,0.0,0.0,,,,,,,,,
Austin Ekeler,RB,WAS,17.0,,,,150.0,1.0,6.0,61.0,0.0,0.0,,,,,,,,,
Isaac Guerendo,RB,SF,17.0,,,,160.0,1.0,4.0,37.0,0.0,0.0,,,,,,,,,
Michael Burton,RB,CLE,17.0,,,,10.0,1.0,6.0,40.0,1.0,0.0,,,,,,,,,
Andrew Beck,RB,NYJ,17.0,,,,8.0,0.0,5.0,35.0,2.0,0.0,,,,,,,,,
Jam Miller,RB,NE,17.0,,,,145.0,1.0,2.0,25.0,0.0,0.0,,,,,,,,,
Dameon Pierce,RB,PHI,17.0,,,,161.0,1.0,0.0,0.0,0.0,0.0,,,,,,,,,
Salvon Ahmed,RB,CHI,17.0,,,,152.0,1.0,1.0,12.0,0.0,0.0,,,,,,,,,
Emmett Johnson,RB,KC,17.0,,,,126.0,1.0,3.0,23.0,0.0,0.0,,,,,,,,,
Demond Claiborne,RB,MIN,17.0,,,,133.0,1.0,2.0,21.0,0.0,0.0,,,,,,,,,
Carlos Washington Jr.,RB,MIA,17.0,,,,130.0,1.0,2.0,19.0,0.0,0.0,,,,,,,,,
Jeremy McNichols,RB,WAS,17.0,,,,88.0,1.0,7.0,53.0,0.0,0.0,,,,,,,,,
Donovan Edwards,RB,MIA,17.0,,,,130.0,1.0,2.0,19.0,0.0,0.0,,,,,,,,,
Deuce Vaughn,RB,DEN,17.0,,,,142.0,1.0,1.0,9.0,0.0,0.0,,,,,,,,,
Puka Nacua,WR,LAR,17.0,,,,109.0,2.0,129.0,1700.0,9.0,1.0,,,,,,,,,
Jaxon Smith-Njigba,WR,SEA,17.0,,,,36.0,0.0,111.0,1619.0,12.0,1.0,,,,,,,,,
Drake London,WR,ATL,17.0,,,,0.0,0.0,104.0,1421.0,13.0,1.0,,,,,,,,,
Ja'Marr Chase,WR,CIN,17.0,,,,19.0,0.0,128.0,1552.0,10.0,1.0,,,,,,,,,
Amon-Ra St. Brown,WR,DET,17.0,,,,8.0,0.0,115.0,1368.0,11.0,0.0,,,,,,,,,
George Pickens,WR,DAL,17.0,,,,0.0,0.0,94.0,1388.0,10.0,0.0,,,,,,,,,
Rashee Rice,WR,KC,17.0,,,,34.0,2.0,105.0,1052.0,13.0,0.0,,,,,,,,,
Chris Olave,WR,NO,17.0,,,,0.0,0.0,98.0,1242.0,10.0,0.0,,,,,,,,,
A.J. Brown,WR,NE,17.0,,,,0.0,0.0,91.0,1325.0,9.0,0.0,,,,,,,,,
Nico Collins,WR,HOU,17.0,,,,13.0,1.0,82.0,1232.0,8.0,1.0,,,,,,,,,
Malik Nabers,WR,NYG,17.0,,,,2.0,0.0,76.0,1037.0,11.0,0.0,,,,,,,,,
Tee Higgins,WR,CIN,17.0,,,,0.0,0.0,74.0,1034.0,11.0,0.0,,,,,,,,,
Zay Flowers,WR,BAL,17.0,,,,60.0,1.0,83.0,1184.0,8.0,2.0,,,,,,,,,
CeeDee Lamb,WR,DAL,17.0,,,,25.0,0.0,102.0,1335.0,6.0,0.0,,,,,,,,,
Justin Jefferson,WR,MIN,17.0,,,,6.0,0.0,90.0,1269.0,7.0,0.0,,,,,,,,,
Tetairoa McMillan,WR,CAR,17.0,,,,0.0,0.0,82.0,1172.0,8.0,1.0,,,,,,,,,
Emeka Egbuka,WR,TB,17.0,,,,10.0,0.0,72.0,1122.0,8.0,0.0,,,,,,,,,
Alec Pierce,WR,IND,17.0,,,,0.0,0.0,49.0,1067.0,9.0,0.0,,,,,,,,,
Jameson Williams,WR,DET,17.0,,,,39.0,1.0,63.0,1081.0,7.0,0.0,,,,,,,,,
Terry McLaurin,WR,WAS,17.0,,,,1.0,0.0,65.0,928.0,10.0,0.0,,,,,,,,,
Ladd McConkey,WR,LAC,17.0,,,,0.0,0.0,82.0,1035.0,8.0,0.0,,,,,,,,,
DeVonta Smith,WR,PHI,17.0,,,,0.0,0.0,90.0,1153.0,6.0,0.0,,,,,,,,,
Garrett Wilson,WR,NYJ,17.0,,,,2.0,0.0,89.0,955.0,9.0,1.0,,,,,,,,,
Davante Adams,WR,LAR,17.0,,,,0.0,0.0,69.0,851.0,10.0,0.0,,,,,,,,,
Mike Evans,WR,SF,17.0,,,,0.0,0.0,76.0,989.0,8.0,0.0,,,,,,,,,
Luther Burden III,WR,CHI,17.0,,,,32.0,0.0,73.0,1056.0,6.0,0.0,,,,,,,,,
Christian Watson,WR,GB,17.0,,,,11.0,0.0,53.0,943.0,8.0,0.0,,,,,,,,,
Rome Odunze,WR,CHI,17.0,,,,4.0,0.0,63.0,916.0,8.0,0.0,,,,,,,,,
Brian Thomas Jr.,WR,JAC,17.0,,,,30.0,1.0,61.0,942.0,6.0,0.0,,,,,,,,,
Marvin Harrison Jr.,WR,ARI,17.0,,,,0.0,0.0,69.0,948.0,7.0,0.0,,,,,,,,,
DJ Moore,WR,BUF,17.0,,,,81.0,1.0,70.0,815.0,8.0,1.0,,,,,,,,,
Jaylen Waddle,WR,DEN,17.0,,,,25.0,0.0,74.0,995.0,6.0,0.0,,,,,,,,,
Parker Washington,WR,JAC,17.0,,,,2.0,0.0,62.0,925.0,7.0,0.0,,,,,,,,,
Courtland Sutton,WR,DEN,17.0,,,,0.0,0.0,70.0,911.0,7.0,0.0,,,,,,,,,
DK Metcalf,WR,PIT,17.0,,,,10.0,1.0,61.0,892.0,6.0,0.0,,,,,,,,,
Quentin Johnston,WR,LAC,17.0,,,,7.0,0.0,58.0,787.0,9.0,1.0,,,,,,,,,
Chris Godwin,WR,TB,17.0,,,,1.0,0.0,75.0,842.0,6.0,0.0,,,,,,,,,
Jordan Addison,WR,MIN,17.0,,,,78.0,1.0,50.0,736.0,6.0,0.0,,,,,,,,,
Romeo Doubs,WR,NE,17.0,,,,0.0,0.0,61.0,809.0,6.0,0.0,,,,,,,,,
Michael Wilson,WR,ARI,17.0,,,,2.0,0.0,66.0,797.0,6.0,0.0,,,,,,,,,
De'Zhaun Stribling,WR,SF,17.0,,,,13.0,0.0,59.0,852.0,5.0,2.0,,,,,,,,,
Rashid Shaheed,WR,SEA,17.0,,,,91.0,0.0,57.0,865.0,4.0,1.0,,,,,,,,,
Jakobi Meyers,WR,JAC,17.0,,,,17.0,0.0,68.0,814.0,5.0,1.0,,,,,,,,,
Jayden Reed,WR,GB,17.0,,,,128.0,0.0,60.0,731.0,5.0,0.0,,,,,,,,,
Calvin Ridley,WR,TEN,17.0,,,,23.0,1.0,50.0,847.0,3.0,0.0,,,,,,,,,
Jalen Coker,WR,CAR,17.0,,,,0.0,0.0,60.0,746.0,6.0,1.0,,,,,,,,,
Rashod Bateman,WR,BAL,17.0,,,,0.0,0.0,40.0,583.0,8.0,0.0,,,,,,,,,
Josh Downs,WR,IND,17.0,,,,2.0,0.0,68.0,711.0,6.0,1.0,,,,,,,,,
Ja'Kobi Lane,WR,BAL,17.0,,,,17.0,0.0,44.0,654.0,7.0,1.0,,,,,,,,,
Deebo Samuel,WR,SF,17.0,,,,114.0,1.0,65.0,648.0,5.0,0.0,,,,,,,,,
Jauan Jennings,WR,MIN,17.0,,,,0.0,0.0,51.0,629.0,7.0,1.0,,,,,,,,,
Wan'Dale Robinson,WR,TEN,17.0,,,,6.0,0.0,84.0,797.0,4.0,0.0,,,,,,,,,
Michael Pittman,WR,PIT,17.0,,,,0.0,0.0,77.0,678.0,6.0,0.0,,,,,,,,,
KC Concepcion,WR,CLE,17.0,,,,10.0,0.0,65.0,831.0,4.0,2.0,,,,,,,,,
Denzel Boston,WR,CLE,17.0,,,,10.0,0.0,62.0,800.0,4.0,2.0,,,,,,,,,
Stefon Diggs,WR,WAS,17.0,,,,2.0,0.0,68.0,750.0,4.0,0.0,,,,,,,,,
Xavier Worthy,WR,KC,17.0,,,,146.0,1.0,53.0,644.0,4.0,0.0,,,,,,,,,
Carnell Tate,WR,TEN,17.0,,,,9.0,0.0,56.0,772.0,4.0,2.0,,,,,,,,,
Matthew Golden,WR,GB,17.0,,,,57.0,0.0,47.0,704.0,4.0,0.0,,,,,,,,,
Keenan Allen,WR,IND,17.0,,,,0.0,0.0,62.0,675.0,5.0,0.0,,,,,,,,,
Kayshon Boutte,WR,NE,17.0,,,,0.0,0.0,39.0,584.0,6.0,0.0,,,,,,,,,
Jerry Jeudy,WR,CLE,17.0,,,,4.0,0.0,60.0,785.0,3.0,1.0,,,,,,,,,
Makai Lemon,WR,PHI,17.0,,,,13.0,0.0,53.0,735.0,4.0,2.0,,,,,,,,,
Elic Ayomanor,WR,TEN,17.0,,,,0.0,0.0,42.0,570.0,6.0,0.0,,,,,,,,,
Cooper Kupp,WR,SEA,17.0,,,,3.0,0.0,57.0,698.0,4.0,1.0,,,,,,,,,
Tre Tucker,WR,LV,17.0,,,,52.0,0.0,52.0,605.0,5.0,0.0,,,,,,,,,
Troy Franklin,WR,DEN,17.0,,,,11.0,0.0,56.0,589.0,6.0,1.0,,,,,,,,,
Tank Dell,WR,HOU,17.0,,,,53.0,0.0,50.0,639.0,4.0,0.0,,,,,,,,,
Christian Kirk,WR,SF,17.0,,,,0.0,0.0,55.0,634.0,4.0,0.0,,,,,,,,,
Jalen Nailor,WR,LV,17.0,,,,7.0,0.0,43.0,568.0,5.0,0.0,,,,,,,,,
Khalil Shakir,WR,BUF,17.0,,,,4.0,0.0,67.0,648.0,4.0,1.0,,,,,,,,,
Jalen McMillan,WR,TB,17.0,,,,29.0,0.0,46.0,626.0,4.0,0.0,,,,,,,,,
Marquise Brown,WR,PHI,17.0,,,,0.0,0.0,44.0,545.0,5.0,0.0,,,,,,,,,
Antonio Williams,WR,WAS,17.0,,,,15.0,0.0,45.0,650.0,4.0,2.0,,,,,,,,,
Tory Horton,WR,SEA,17.0,,,,6.0,0.0,39.0,504.0,6.0,1.0,,,,,,,,,
Devaughn Vele,WR,NO,17.0,,,,0.0,0.0,45.0,591.0,4.0,0.0,,,,,,,,,
Tyquan Thornton,WR,KC,17.0,,,,0.0,0.0,27.0,575.0,4.0,0.0,,,,,,,,,
Chris Bell,WR,MIA,17.0,,,,11.0,0.0,47.0,582.0,4.0,1.0,,,,,,,,,
Chimere Dike,WR,TEN,17.0,,,,17.0,0.0,45.0,431.0,6.0,1.0,,,,,,,,,
Omar Cooper Jr.,WR,NYJ,17.0,,,,13.0,0.0,44.0,520.0,4.0,1.0,,,,,,,,,
Jahdae Walker,WR,CHI,17.0,,,,7.0,0.0,32.0,431.0,5.0,0.0,,,,,,,,,
Jordyn Tyson,WR,NO,12.0,,,,7.0,0.0,40.0,574.0,3.0,1.0,,,,,,,,,
Malik Benson,WR,LV,17.0,,,,8.0,0.0,47.0,551.0,3.0,1.0,,,,,,,,,
Darius Slayton,WR,NYG,17.0,,,,5.0,0.0,40.0,613.0,2.0,1.0,,,,,,,,,
Isaac TeSlaa,WR,DET,17.0,,,,0.0,0.0,27.0,404.0,5.0,0.0,,,,,,,,,
Ashton Dulin,WR,IND,17.0,,,,66.0,0.0,25.0,551.0,2.0,0.0,,,,,,,,,
Jaylin Noel,WR,HOU,17.0,,,,13.0,0.0,40.0,451.0,4.0,0.0,,,,,,,,,
Germie Bernard,WR,PIT,17.0,,,,10.0,0.0,42.0,511.0,3.0,1.0,,,,,,,,,
Bub Means,WR,NO,17.0,,,,6.0,0.0,38.0,519.0,3.0,1.0,,,,,,,,,
Calvin Austin III,WR,NYG,17.0,,,,0.0,0.0,33.0,449.0,4.0,0.0,,,,,,,,,
Xavier Hutchinson,WR,HOU,17.0,,,,16.0,0.0,43.0,509.0,3.0,0.0,,,,,,,,,
Cedric Tillman,WR,CLE,17.0,,,,-1.0,0.0,36.0,438.0,4.0,0.0,,,,,,,,,
Demarcus Robinson,WR,SF,17.0,,,,5.0,0.0,32.0,460.0,3.0,0.0,,,,,,,,,
Andrei Iosivas,WR,CIN,17.0,,,,11.0,0.0,35.0,470.0,3.0,0.0,,,,,,,,,
Adonai Mitchell,WR,NYJ,17.0,,,,-1.0,0.0,38.0,480.0,3.0,1.0,,,,,,,,,
Ted Hurst,WR,TB,17.0,,,,13.0,0.0,36.0,485.0,3.0,1.0,,,,,,,,,
Luke McCaffrey,WR,WAS,17.0,,,,0.0,0.0,22.0,362.0,4.0,0.0,,,,,,,,,
Malik Washington,WR,MIA,17.0,,,,84.0,1.0,46.0,349.0,3.0,1.0,,,,,,,,,
Olamide Zaccheaus,WR,ATL,17.0,,,,19.0,0.0,46.0,411.0,3.0,0.0,,,,,,,,,
Caleb Douglas,WR,MIA,17.0,,,,11.0,0.0,35.0,433.0,3.0,1.0,,,,,,,,,
Trey McBride,TE,ARI,17.0,,,,,,115.0,1080.0,8.0,0.0,,,,,,,,,
Colston Loveland,TE,CHI,17.0,,,,,,84.0,1037.0,8.0,0.0,,,,,,,,,
Brock Bowers,TE,LV,17.0,,,,,,89.0,982.0,9.0,0.0,,,,,,,,,
Dallas Goedert,TE,PHI,17.0,,,,,,68.0,716.0,11.0,0.0,,,,,,,,,
Tucker Kraft,TE,GB,17.0,,,,,,56.0,815.0,10.0,0.0,,,,,,,,,
George Kittle,TE,SF,17.0,,,,,,77.0,899.0,8.0,0.0,,,,,,,,,
Kyle Pitts,TE,ATL,17.0,,,,,,82.0,929.0,7.0,0.0,,,,,,,,,
Harold Fannin Jr.,TE,CLE,17.0,,,,,,79.0,830.0,8.0,1.0,,,,,,,,,
Tyler Warren,TE,IND,17.0,,,,,,74.0,904.0,6.0,0.0,,,,,,,,,
Isaiah Likely,TE,NYG,17.0,,,,,,69.0,897.0,7.0,2.0,,,,,,,,,
Mark Andrews,TE,BAL,17.0,,,,,,60.0,594.0,10.0,0.0,,,,,,,,,
Sam LaPorta,TE,DET,16.0,,,,,,66.0,831.0,6.0,0.0,,,,,,,,,
Dalton Kincaid,TE,BUF,17.0,,,,,,60.0,779.0,7.0,0.0,,,,,,,,,
Travis Kelce,TE,KC,17.0,,,,,,78.0,815.0,6.0,0.0,,,,,,,,,
Brenton Strange,TE,JAC,17.0,,,,,,70.0,814.0,5.0,0.0,,,,,,,,,
Juwan Johnson,TE,NO,17.0,,,,,,71.0,870.0,4.0,2.0,,,,,,,,,
Hunter Henry,TE,NE,17.0,,,,,,56.0,699.0,6.0,0.0,,,,,,,,,
Jake Ferguson,TE,DAL,17.0,,,,,,78.0,636.0,7.0,2.0,,,,,,,,,
Cade Otton,TE,TB,17.0,,,,,,68.0,708.0,4.0,0.0,,,,,,,,,
AJ Barner,TE,SEA,17.0,,,,,,47.0,473.0,7.0,0.0,,,,,,,,,
Dalton Schultz,TE,HOU,17.0,,,,,,71.0,683.0,4.0,0.0,,,,,,,,,
Kenyon Sadiq,TE,NYJ,17.0,,,,,,47.0,528.0,6.0,1.0,,,,,,,,,
Greg Dulcich,TE,MIA,17.0,,,,,,58.0,674.0,4.0,2.0,,,,,,,,,
Oronde Gadsden II,TE,LAC,17.0,,,,,,49.0,689.0,3.0,1.0,,,,,,,,,
Terrance Ferguson,TE,LAR,17.0,,,,,,29.0,530.0,5.0,0.0,,,,,,,,,
Darren Waller,TE,CAR,17.0,,,,,,45.0,468.0,6.0,0.0,,,,,,,,,
Pat Freiermuth,TE,PIT,17.0,,,,,,46.0,511.0,5.0,0.0,,,,,,,,,
Chigoziem Okonkwo,TE,WAS,17.0,,,,,,53.0,630.0,3.0,0.0,,,,,,,,,
Colby Parkinson,TE,LAR,17.0,,,,,,41.0,435.0,6.0,1.0,,,,,,,,,
David Njoku,TE,LAC,17.0,,,,,,42.0,404.0,6.0,0.0,,,,,,,,,
T.J. Hockenson,TE,MIN,17.0,,,,,,55.0,516.0,4.0,0.0,,,,,,,,,
Tyler Higbee,TE,LAR,17.0,,,,,,40.0,499.0,4.0,0.0,,,,,,,,,
Mike Gesicki,TE,CIN,17.0,,,,,,49.0,540.0,3.0,0.0,,,,,,,,,
Mason Taylor,TE,NYJ,17.0,,,,,,56.0,461.0,4.0,0.0,,,,,,,,,
Theo Johnson,TE,NYG,17.0,,,,,,33.0,390.0,5.0,0.0,,,,,,,,,
Evan Engram,TE,DEN,17.0,,,,,,56.0,479.0,3.0,0.0,,,,,,,,,
Dawson Knox,TE,BUF,17.0,,,,,,35.0,401.0,3.0,0.0,,,,,,,,,
Gunnar Helm,TE,TEN,17.0,,,,,,44.0,378.0,3.0,0.0,,,,,,,,,
Charlie Kolar,TE,LAC,17.0,,,,,,25.0,333.0,4.0,0.0,,,,,,,,,
Brock Wright,TE,DET,17.0,,,,,,34.0,302.0,4.0,0.0,,,,,,,,,
Daniel Bellinger,TE,TEN,17.0,,,,,,26.0,332.0,3.0,0.0,,,,,,,,,
Darnell Washington,TE,PIT,17.0,,,,,,35.0,383.0,2.0,1.0,,,,,,,,,
Will Kacmarek,TE,MIA,17.0,,,,,,35.0,327.0,3.0,1.0,,,,,,,,,
Josh Oliver,TE,MIN,17.0,,,,,,22.0,243.0,4.0,0.0,,,,,,,,,
Michael Mayer,TE,LV,17.0,,,,,,40.0,345.0,2.0,0.0,,,,,,,,,
Noah Fant,TE,NO,17.0,,,,,,44.0,423.0,2.0,3.0,,,,,,,,,
Marlin Klein,TE,HOU,17.0,,,,,,35.0,349.0,2.0,1.0,,,,,,,,,
Davis Allen,TE,LAR,17.0,,,,,,26.0,241.0,3.0,0.0,,,,,,,,,
Erick All,TE,CIN,17.0,,,,,,35.0,302.0,2.0,0.0,,,,,,,,,
Ben Sims,TE,MIA,17.0,,,,,,32.0,304.0,2.0,0.0,,,,,,,,,
Eli Stowers,TE,PHI,17.0,,,,,,31.0,322.0,2.0,1.0,,,,,,,,,
Adam Trautman,TE,DEN,17.0,,,,,,27.0,282.0,2.0,0.0,,,,,,,,,
Austin Hooper,TE,ATL,17.0,,,,,,25.0,283.0,2.0,0.0,,,,,,,,,
Luke Musgrave,TE,GB,17.0,,,,,,26.0,265.0,2.0,0.0,,,,,,,,,
Grant Calcaterra,TE,PHI,17.0,,,,,,22.0,230.0,2.0,0.0,,,,,,,,,
Cole Kmet,TE,CHI,17.0,,,,,,22.0,229.0,2.0,0.0,,,,,,,,,
Eli Raridon,TE,NE,17.0,,,,,,22.0,240.0,2.0,1.0,,,,,,,,,
Nate Boerkircher,TE,JAC,17.0,,,,,,22.0,240.0,2.0,1.0,,,,,,,,,
Tommy Tremble,TE,CAR,17.0,,,,,,23.0,202.0,2.0,0.0,,,,,,,,,
Jeremy Ruckert,TE,NYJ,17.0,,,,,,27.0,196.0,2.0,0.0,,,,,,,,,
John Bates,TE,WAS,17.0,,,,,,20.0,204.0,2.0,1.0,,,,,,,,,
Nate Adkins,TE,DEN,17.0,,,,,,16.0,108.0,3.0,0.0,,,,,,,,,
Charlie Woerner,TE,ATL,17.0,,,,,,25.0,222.0,1.0,0.0,,,,,,,,,
Mitchell Evans,TE,CAR,17.0,,,,,,16.0,143.0,2.0,0.0,,,,,,,,,
Ja'Tavion Sanders,TE,CAR,17.0,,,,,,25.0,192.0,1.0,0.0,,,,,,,,,
Foster Moreau,TE,HOU,17.0,,,,,,11.0,132.0,2.0,0.0,,,,,,,,,
Ben Sinnott,TE,WAS,17.0,,,,,,11.0,122.0,2.0,0.0,,,,,,,,,
Jackson Hawes,TE,BUF,17.0,,,,,,10.0,120.0,2.0,0.0,,,,,,,,,
Nick Vannett,TE,SEA,17.0,,,,,,10.0,95.0,2.0,0.0,,,,,,,,,
Devin Culp,TE,TB,17.0,,,,,,11.0,118.0,2.0,0.0,,,,,,,,,
Hunter Long,TE,JAC,17.0,,,,,,10.0,90.0,2.0,0.0,,,,,,,,,
Noah Gray,TE,KC,17.0,,,,,,15.0,139.0,1.0,0.0,,,,,,,,,
Cade Stover,TE,HOU,17.0,,,,,,15.0,122.0,1.0,0.0,,,,,,,,,
Jason Myers,K,SEA,17.0,,,,,,,,,,39.0,50.0,,,,,,,
Ka'imi Fairbairn,K,HOU,17.0,,,,,,,,,,39.0,39.0,,,,,,,
Brandon Aubrey,K,DAL,17.0,,,,,,,,,,35.0,49.0,,,,,,,
Blake Grupe,K,IND,17.0,,,,,,,,,,34.0,51.0,,,,,,,
Nick Folk,K,ATL,17.0,,,,,,,,,,35.0,46.0,,,,,,,
Jake Bates,K,DET,17.0,,,,,,,,,,31.0,53.0,,,,,,,
Cairo Santos,K,CHI,17.0,,,,,,,,,,32.0,47.0,,,,,,,
Cameron Dicker,K,LAC,17.0,,,,,,,,,,35.0,38.0,,,,,,,
Harrison Mevis,K,LAR,17.0,,,,,,,,,,29.0,55.0,,,,,,,
Will Reichard,K,MIN,17.0,,,,,,,,,,33.0,42.0,,,,,,,
Chase McLaughlin,K,TB,17.0,,,,,,,,,,33.0,42.0,,,,,,,
Tyler Loop,K,BAL,17.0,,,,,,,,,,29.0,49.0,,,,,,,
Cam Little,K,JAC,17.0,,,,,,,,,,29.0,48.0,,,,,,,
Harrison Butker,K,KC,17.0,,,,,,,,,,33.0,35.0,,,,,,,
Evan McPherson,K,CIN,17.0,,,,,,,,,,29.0,47.0,,,,,,,
Wil Lutz,K,DEN,17.0,,,,,,,,,,30.0,44.0,,,,,,,
Eddy Pineiro,K,SF,17.0,,,,,,,,,,31.0,37.0,,,,,,,
Charlie Smyth,K,NO,17.0,,,,,,,,,,30.0,37.0,,,,,,,
Trey Smack,K,GB,17.0,,,,,,,,,,29.0,39.0,,,,,,,
Tyler Bass,K,BUF,17.0,,,,,,,,,,26.0,46.0,,,,,,,
Joey Slye,K,TEN,17.0,,,,,,,,,,29.0,34.0,,,,,,,
Jason Sanders,K,NYJ,17.0,,,,,,,,,,29.0,34.0,,,,,,,
Drew Stevens,K,WAS,17.0,,,,,,,,,,27.0,39.0,,,,,,,
Andres Borregales,K,NE,17.0,,,,,,,,,,26.0,42.0,,,,,,,
Riley Patterson,K,MIA,17.0,,,,,,,,,,27.0,38.0,,,,,,,
Jake Elliott,K,PHI,17.0,,,,,,,,,,26.0,41.0,,,,,,,
Chad Ryland,K,ARI,17.0,,,,,,,,,,26.0,37.0,,,,,,,
Chris Boswell,K,PIT,17.0,,,,,,,,,,25.0,36.0,,,,,,,
Ryan Fitzgerald,K,CAR,17.0,,,,,,,,,,24.0,34.0,,,,,,,
Andre Szmyt,K,CLE,17.0,,,,,,,,,,23.0,32.0,,,,,,,
Matt Gay,K,LV,17.0,,,,,,,,,,23.0,32.0,,,,,,,
Ben Sauls,K,NYG,17.0,,,,,,,,,,20.0,25.0,,,,,,,
Dominic Zvada,K,NYG,17.0,,,,,,,,,,7.0,9.0,,,,,,,
Denver,DST,Denver,17,,,,,,,,,,,,15.0,0.0,73.0,10.0,2.9,18.4,249.0
Minnesota,DST,Minnesota,17,,,,,,,,,,,,13.0,0.0,61.4,16.0,3.1,20.9,273.7
Houston,DST,Houston,17,,,,,,,,,,,,15.0,1.0,57.0,14.0,3.3,18.8,273.8
Seattle,DST,Seattle,17,,,,,,,,,,,,14.0,0.0,51.1,12.0,4.0,17.5,276.7
L.A. Rams,DST,L.A. Rams,17,,,,,,,,,,,,15.0,0.0,51.8,12.0,2.9,20.1,294.6
Philadelphia,DST,Philadelphia,17,,,,,,,,,,,,15.0,0.0,46.4,13.0,3.0,18.9,292.0
New Orleans,DST,New Orleans,17,,,,,,,,,,,,13.0,0.0,55.1,12.0,2.8,25.5,298.2
New England,DST,New England,17,,,,,,,,,,,,14.0,0.0,45.6,12.0,3.5,21.8,290.1
Baltimore,DST,Baltimore,17,,,,,,,,,,,,13.0,0.0,49.5,12.0,2.8,21.5,295.6
Cleveland,DST,Cleveland,17,,,,,,,,,,,,13.0,0.0,52.9,11.0,2.5,24.1,277.1
Jacksonville,DST,Jacksonville,17,,,,,,,,,,,,13.0,0.0,33.0,12.0,3.5,22.6,298.4
Kansas City,DST,Kansas City,17,,,,,,,,,,,,12.0,0.0,44.1,10.0,2.5,21.2,298.4
Detroit,DST,Detroit,17,,,,,,,,,,,,14.0,0.0,59.5,10.0,3.4,23.6,307.2
L.A. Chargers,DST,L.A. Chargers,17,,,,,,,,,,,,16.0,0.0,59.9,9.0,2.8,22.2,300.6
Atlanta,DST,Atlanta,17,,,,,,,,,,,,14.0,0.0,60.3,10.0,2.7,26.3,307.5
Pittsburgh,DST,Pittsburgh,17,,,,,,,,,,,,12.0,0.0,50.5,16.0,3.0,21.4,316.8
Buffalo,DST,Buffalo,17,,,,,,,,,,,,15.0,0.0,47.3,11.0,3.0,23.4,312.6
Chicago,DST,Chicago,17,,,,,,,,,,,,15.0,0.0,42.6,13.0,3.1,23.2,348.8
Cincinnati,DST,Cincinnati,17,,,,,,,,,,,,13.0,0.0,47.1,13.0,3.0,25.6,335.8
Miami,DST,Miami,17,,,,,,,,,,,,10.0,0.0,52.2,13.0,2.7,27.7,340.9
Tampa Bay,DST,Tampa Bay,17,,,,,,,,,,,,12.0,0.0,40.4,14.0,2.8,24.8,321.6
Las Vegas,DST,Las Vegas,17,,,,,,,,,,,,11.0,0.0,46.8,12.0,2.3,27.8,316.5
Green Bay,DST,Green Bay,17,,,,,,,,,,,,13.0,0.0,39.2,12.0,2.6,22.1,304.3
Washington,DST,Washington,17,,,,,,,,,,,,11.0,0.0,47.2,9.0,2.8,26.8,361.2
Indianapolis,DST,Indianapolis,17,,,,,,,,,,,,12.0,0.0,41.1,11.0,2.7,23.6,305.9
Carolina,DST,Carolina,17,,,,,,,,,,,,13.0,0.0,42.2,9.0,2.4,24.8,333.5
N.Y. Giants,DST,N.Y. Giants,17,,,,,,,,,,,,10.0,0.0,41.3,11.0,2.6,27.4,362.8
San Francisco,DST,San Francisco,17,,,,,,,,,,,,11.0,0.0,32.0,12.0,2.6,23.8,318.0
Tennessee,DST,Tennessee,17,,,,,,,,,,,,10.0,0.0,53.6,12.0,2.7,30.6,348.8
Dallas,DST,Dallas,17,,,,,,,,,,,,10.0,0.0,43.8,11.0,2.4,29.1,365.9
Arizona,DST,Arizona,17,,,,,,,,,,,,12.0,0.0,35.4,12.0,2.4,30.4,353.7
N.Y. Jets,DST,N.Y. Jets,17,,,,,,,,,,,,11.0,0.0,35.5,8.0,3.0,28.8,317.6
