name,position,nfl_team,games,pass_yards,pass_td,pass_int,pass_two_pt,rush_yards,rush_td,rush_two_pt,receptions,rec_yards,rec_td,rec_two_pt,fumbles_lost,off_fumble_rec_td,fumble_rec_two_pt,fg_made,xp_made,xp_missed,kick_return_td,punt_return_td,def_sacks,def_int,def_fumble_rec,def_td,def_blocked_fg,def_blocked_punt,def_blocked_xp,def_safeties,points_allowed_per_game,yards_allowed_per_game
Josh Allen,QB,BUF,15.0,3585.0,24.6,11.0,,523.0,9.2,,,,,,,,,,,,,,,,,,,,,,,
Lamar Jackson,QB,BLT,15.0,3528.0,24.0,9.0,,668.0,3.5,,,,,,,,,,,,,,,,,,,,,,,
Jayden Daniels,QB,WAS,15.0,3287.0,19.8,8.0,,807.0,4.8,,,,,,,,,,,,,,,,,,,,,,,
Drake Maye,QB,NE,15.0,3728.0,25.3,10.0,,507.0,3.2,,,,,,,,,,,,,,,,,,,,,,,
Jalen Hurts,QB,PHI,15.0,3354.0,21.7,7.0,,502.0,7.1,,,,,,,,,,,,,,,,,,,,,,,
Joe Burrow,QB,CIN,15.0,3971.0,31.0,11.0,,173.0,1.5,,,,,,,,,,,,,,,,,,,,,,,
Dak Prescott,QB,DAL,15.0,4058.0,29.3,12.0,,188.0,1.9,,,,,,,,,,,,,,,,,,,,,,,
Trevor Lawrence,QB,JAX,15.0,3665.0,23.7,12.0,,296.0,4.3,,,,,,,,,,,,,,,,,,,,,,,
Justin Herbert,QB,LAC,15.0,3783.0,25.2,10.0,,306.0,1.8,,,,,,,,,,,,,,,,,,,,,,,
Brock Purdy,QB,SF,15.0,3720.0,27.1,14.0,,254.0,2.2,,,,,,,,,,,,,,,,,,,,,,,
Jaxson Dart,QB,NYG,14.5,3047.0,18.7,9.0,,559.0,5.6,,,,,,,,,,,,,,,,,,,,,,,
Caleb Williams,QB,CHI,15.0,3623.0,23.7,10.0,,336.0,2.0,,,,,,,,,,,,,,,,,,,,,,,
Matthew Stafford,QB,LA,15.0,4015.0,29.5,10.0,,23.0,0.4,,,,,,,,,,,,,,,,,,,,,,,
Bo Nix,QB,DEN,15.0,3584.0,23.8,11.0,,308.0,2.3,,,,,,,,,,,,,,,,,,,,,,,
Patrick Mahomes,QB,KC,15.0,3680.0,24.8,11.0,,311.0,1.0,,,,,,,,,,,,,,,,,,,,,,,
Malik Willis,QB,MIA,15.0,2814.0,16.5,11.0,,758.0,4.2,,,,,,,,,,,,,,,,,,,,,,,
Tyler Shough,QB,NO,15.0,3695.0,20.8,10.0,,299.0,2.9,,,,,,,,,,,,,,,,,,,,,,,
Jared Goff,QB,DET,15.0,3958.0,27.1,8.0,,44.0,0.3,,,,,,,,,,,,,,,,,,,,,,,
Kyler Murray,QB,MIN,14.0,3252.0,20.9,9.0,,415.0,2.7,,,,,,,,,,,,,,,,,,,,,,,
Jordan Love,QB,GB,15.0,3546.0,24.7,8.0,,181.0,1.2,,,,,,,,,,,,,,,,,,,,,,,
Baker Mayfield,QB,TB,15.0,3451.0,23.9,12.0,,255.0,1.1,,,,,,,,,,,,,,,,,,,,,,,
Sam Darnold,QB,SEA,15.0,3732.0,23.3,12.0,,140.0,0.8,,,,,,,,,,,,,,,,,,,,,,,
C.J. Stroud,QB,HST,15.0,3563.0,22.1,12.0,,217.0,1.5,,,,,,,,,,,,,,,,,,,,,,,
Daniel Jones,QB,IND,14.0,3407.0,20.3,10.0,,189.0,2.7,,,,,,,,,,,,,,,,,,,,,,,
Jacoby Brissett,QB,ARZ,14.0,3284.0,20.6,8.0,,188.0,1.5,,,,,,,,,,,,,,,,,,,,,,,
Geno Smith,QB,NYJ,15.0,3325.0,21.1,14.0,,172.0,1.0,,,,,,,,,,,,,,,,,,,,,,,
Bryce Young,QB,CAR,15.0,3026.0,18.9,10.0,,224.0,1.1,,,,,,,,,,,,,,,,,,,,,,,
Aaron Rodgers,QB,PIT,15.0,3136.0,21.8,8.0,,69.0,0.4,,,,,,,,,,,,,,,,,,,,,,,
Cam Ward,QB,TEN,15.0,3186.0,17.8,10.0,,177.0,1.2,,,,,,,,,,,,,,,,,,,,,,,
Deshaun Watson,QB,CLV,14.0,2808.0,16.8,12.0,,245.0,0.8,,,,,,,,,,,,,,,,,,,,,,,
Fernando Mendoza,QB,LV,10.0,2230.0,13.2,7.0,,146.0,1.3,,,,,,,,,,,,,,,,,,,,,,,
Tua Tagovailoa,QB,ATL,9.0,2034.0,11.9,9.0,,61.0,0.4,,,,,,,,,,,,,,,,,,,,,,,
Michael Penix Jr.,QB,ATL,8.0,1804.0,10.3,5.0,,78.0,0.6,,,,,,,,,,,,,,,,,,,,,,,
Kirk Cousins,QB,LV,7.0,1730.0,10.9,5.0,,21.0,0.4,,,,,,,,,,,,,,,,,,,,,,,
J.J. McCarthy,QB,MIN,3.0,652.0,4.1,3.0,,59.0,0.4,,,,,,,,,,,,,,,,,,,,,,,
Shedeur Sanders,QB,CLV,3.0,617.0,3.4,4.0,,58.0,0.2,,,,,,,,,,,,,,,,,,,,,,,
Jameis Winston,QB,NYG,2.5,617.0,3.8,3.0,,29.0,0.1,,,,,,,,,,,,,,,,,,,,,,,
Carson Beck,QB,ARZ,3.0,568.0,2.9,3.0,,55.0,0.3,,,,,,,,,,,,,,,,,,,,,,,
Marcus Mariota,QB,WAS,2.0,466.0,2.9,2.0,,59.0,0.4,,,,,,,,,,,,,,,,,,,,,,,
Justin Fields,QB,KC,2.0,385.0,2.2,2.0,,91.0,0.6,,,,,,,,,,,,,,,,,,,,,,,
Tyson Bagent,QB,CHI,2.0,444.0,2.7,1.0,,46.0,0.3,,,,,,,,,,,,,,,,,,,,,,,
Tanner McKee,QB,PHI,2.0,495.0,3.1,2.0,,22.0,0.1,,,,,,,,,,,,,,,,,,,,,,,
Josh Johnson,QB,CIN,2.0,468.0,2.7,2.0,,39.0,0.3,,,,,,,,,,,,,,,,,,,,,,,
Joe Milton III,QB,DAL,2.0,426.0,2.4,2.0,,57.0,0.4,,,,,,,,,,,,,,,,,,,,,,,
Mac Jones,QB,SF,2.0,460.0,3.0,2.0,,20.0,0.2,,,,,,,,,,,,,,,,,,,,,,,
Anthony Richardson,QB,IND,2.0,378.0,1.9,2.0,,64.0,0.6,,,,,,,,,,,,,,,,,,,,,,,
Jake Browning,QB,TB,2.0,453.0,2.9,2.0,,25.0,0.1,,,,,,,,,,,,,,,,,,,,,,,
Tyrod Taylor,QB,GB,2.0,375.0,2.1,2.0,,62.0,0.4,,,,,,,,,,,,,,,,,,,,,,,
Joshua Dobbs,QB,DET,2.0,433.0,2.5,1.0,,35.0,0.0,,,,,,,,,,,,,,,,,,,,,,,
Mitchell Trubisky,QB,TEN,2.0,433.0,2.7,2.0,,26.0,0.2,,,,,,,,,,,,,,,,,,,,,,,
Nick Mullens,QB,JAX,2.0,466.0,2.8,3.0,,13.0,0.2,,,,,,,,,,,,,,,,,,,,,,,
Trey Lance,QB,LAC,2.0,373.0,1.8,2.0,,71.0,0.3,,,,,,,,,,,,,,,,,,,,,,,
Spencer Rattler,QB,NO,2.0,453.0,2.2,2.0,,35.0,0.1,,,,,,,,,,,,,,,,,,,,,,,
Davis Mills,QB,HST,2.0,424.0,2.5,2.0,,19.0,0.1,,,,,,,,,,,,,,,,,,,,,,,
Jarrett Stidham,QB,DEN,2.0,387.0,2.1,2.0,,42.0,0.3,,,,,,,,,,,,,,,,,,,,,,,
Drew Lock,QB,SEA,2.0,438.0,2.3,2.0,,24.0,0.1,,,,,,,,,,,,,,,,,,,,,,,
Quinn Ewers,QB,MIA,2.0,437.0,2.4,2.0,,18.0,0.1,,,,,,,,,,,,,,,,,,,,,,,
Kenny Pickett,QB,CAR,2.0,402.0,2.4,2.0,,26.0,0.1,,,,,,,,,,,,,,,,,,,,,,,
Ty Simpson,QB,LA,2.0,398.0,2.3,2.0,,27.0,0.1,,,,,,,,,,,,,,,,,,,,,,,
Will Howard,QB,PIT,2.0,394.0,2.2,2.0,,27.0,0.1,,,,,,,,,,,,,,,,,,,,,,,
Kyle Allen,QB,BUF,2.0,388.0,2.2,2.0,,13.0,0.1,,,,,,,,,,,,,,,,,,,,,,,
Tommy DeVito,QB,NE,2.0,333.0,1.6,1.0,,43.0,0.3,,,,,,,,,,,,,,,,,,,,,,,
Tyler Huntley,QB,BLT,2.0,294.0,1.3,1.0,,59.0,0.3,,,,,,,,,,,,,,,,,,,,,,,
Brady Cook,QB,NYJ,2.0,386.0,1.7,2.0,,19.0,0.1,,,,,,,,,,,,,,,,,,,,,,,
Riley Leonard,QB,IND,1.0,216.0,1.2,1.0,,13.0,0.1,,,,,,,,,,,,,,,,,,,,,,,
Stetson Bennett,QB,LA,0.0,0.0,0.0,0.0,,0.0,0.0,,,,,,,,,,,,,,,,,,,,,,,
Aidan O'Connell,QB,LV,0.0,0.0,0.0,0.0,,0.0,0.0,,,,,,,,,,,,,,,,,,,,,,,
Gardner Minshew,QB,ARZ,0.0,0.0,0.0,0.0,,0.0,0.0,,,,,,,,,,,,,,,,,,,,,,,
Andy Dalton,QB,PHI,0.0,0.0,0.0,0.0,,0.0,0.0,,,,,,,,,,,,,,,,,,,,,,,
Jalen Milroe,QB,SEA,0.0,0.0,0.0,0.0,,0.0,0.0,,,,,,,,,,,,,,,,,,,,,,,
Dillon Gabriel,QB,CLV,0.0,0.0,0.0,0.0,,0.0,0.0,,,,,,,,,,,,,,,,,,,,,,,
Mason Rudolph,QB,PIT,0.0,0.0,0.0,0.0,,0.0,0.0,,,,,,,,,,,,,,,,,,,,,,,
Jahmyr Gibbs,RB,DET,15.0,,,,,1353.0,13.5,,65.0,479.0,3.2,,,,,,,,,,,,,,,,,,,
Bijan Robinson,RB,ATL,15.0,,,,,1370.0,9.7,,67.0,587.0,3.1,,,,,,,,,,,,,,,,,,,
Jonathan Taylor,RB,IND,15.0,,,,,1372.0,13.7,,47.0,346.0,1.9,,,,,,,,,,,,,,,,,,,
Christian McCaffrey,RB,SF,14.5,,,,,981.0,8.4,,66.0,547.0,4.6,,,,,,,,,,,,,,,,,,,
James Cook,RB,BUF,15.0,,,,,1367.0,10.5,,34.0,307.0,1.8,,,,,,,,,,,,,,,,,,,
De'Von Achane,RB,MIA,15.0,,,,,1198.0,6.1,,59.0,416.0,2.7,,,,,,,,,,,,,,,,,,,
Saquon Barkley,RB,PHI,15.0,,,,,1288.0,9.9,,41.0,292.0,1.8,,,,,,,,,,,,,,,,,,,
Kenneth Walker III,RB,KC,15.0,,,,,1085.0,9.5,,39.0,306.0,1.7,,,,,,,,,,,,,,,,,,,
Derrick Henry,RB,BLT,15.0,,,,,1364.0,12.4,,16.0,158.0,0.4,,,,,,,,,,,,,,,,,,,
Chase Brown,RB,CIN,15.0,,,,,892.0,6.6,,55.0,387.0,2.8,,,,,,,,,,,,,,,,,,,
Breece Hall,RB,NYJ,15.0,,,,,1072.0,5.8,,45.0,354.0,1.9,,,,,,,,,,,,,,,,,,,
Josh Jacobs,RB,GB,14.0,,,,,1039.0,10.8,,33.0,222.0,1.1,,,,,,,,,,,,,,,,,,,
Omarion Hampton,RB,LAC,15.0,,,,,973.0,7.7,,44.0,269.0,1.7,,,,,,,,,,,,,,,,,,,
Ashton Jeanty,RB,LV,13.0,,,,,876.0,6.8,,48.0,338.0,2.4,,,,,,,,,,,,,,,,,,,
Javonte Williams,RB,DAL,15.0,,,,,1081.0,8.6,,36.0,177.0,1.5,,,,,,,,,,,,,,,,,,,
Kyren Williams,RB,LA,15.0,,,,,1043.0,8.9,,31.0,218.0,1.4,,,,,,,,,,,,,,,,,,,
David Montgomery,RB,HST,15.0,,,,,1115.0,8.6,,30.0,218.0,0.7,,,,,,,,,,,,,,,,,,,
Bucky Irving,RB,TB,14.5,,,,,908.0,6.4,,35.0,321.0,1.9,,,,,,,,,,,,,,,,,,,
Jeremiyah Love,RB,ARZ,14.0,,,,,890.0,6.7,,40.0,288.0,1.6,,,,,,,,,,,,,,,,,,,
Quinshon Judkins,RB,CLV,15.0,,,,,997.0,7.4,,30.0,239.0,1.1,,,,,,,,,,,,,,,,,,,
D'Andre Swift,RB,CHI,15.0,,,,,956.0,7.0,,32.0,261.0,1.4,,,,,,,,,,,,,,,,,,,
Bhayshul Tuten,RB,JAX,15.0,,,,,986.0,8.2,,27.0,203.0,1.3,,,,,,,,,,,,,,,,,,,
Rhamondre Stevenson,RB,NE,15.0,,,,,792.0,6.5,,39.0,333.0,2.1,,,,,,,,,,,,,,,,,,,
Travis Etienne,RB,NO,15.0,,,,,879.0,6.5,,37.0,276.0,1.5,,,,,,,,,,,,,,,,,,,
Jaylen Warren,RB,PIT,15.0,,,,,768.0,5.1,,40.0,288.0,1.5,,,,,,,,,,,,,,,,,,,
Tony Pollard,RB,TEN,15.0,,,,,889.0,5.6,,35.0,186.0,0.8,,,,,,,,,,,,,,,,,,,
Cam Skattebo,RB,NYG,15.0,,,,,814.0,7.0,,29.0,204.0,1.2,,,,,,,,,,,,,,,,,,,
TreVeyon Henderson,RB,NE,15.0,,,,,786.0,5.9,,29.0,232.0,1.1,,,,,,,,,,,,,,,,,,,
Rico Dowdle,RB,PIT,15.0,,,,,801.0,5.3,,32.0,218.0,1.1,,,,,,,,,,,,,,,,,,,
Kenny Gainwell,RB,TB,15.0,,,,,589.0,4.1,,43.0,319.0,1.9,,,,,,,,,,,,,,,,,,,
Aaron Jones,RB,MIN,14.0,,,,,676.0,3.3,,42.0,286.0,1.6,,,,,,,,,,,,,,,,,,,
Chuba Hubbard,RB,CAR,14.0,,,,,767.0,5.9,,30.0,187.0,1.1,,,,,,,,,,,,,,,,,,,
Jadarian Price,RB,SEA,15.0,,,,,939.0,6.6,,18.0,118.0,0.5,,,,,,,,,,,,,,,,,,,
RJ Harvey,RB,DEN,15.0,,,,,485.0,3.6,,45.0,260.0,1.6,,,,,,,,,,,,,,,,,,,
Jonathon Brooks,RB,CAR,15.0,,,,,688.0,4.8,,25.0,149.0,0.9,,,,,,,,,,,,,,,,,,,
Blake Corum,RB,LA,15.0,,,,,760.0,6.3,,14.0,100.0,0.6,,,,,,,,,,,,,,,,,,,
Kyle Monangai,RB,CHI,15.0,,,,,668.0,4.9,,21.0,184.0,0.9,,,,,,,,,,,,,,,,,,,
Rachaad White,RB,WAS,15.0,,,,,526.0,4.1,,32.0,221.0,1.2,,,,,,,,,,,,,,,,,,,
Tyjae Spears,RB,TEN,14.0,,,,,508.0,2.8,,33.0,206.0,0.9,,,,,,,,,,,,,,,,,,,
Isiah Pacheco,RB,DET,14.0,,,,,583.0,5.4,,18.0,107.0,0.7,,,,,,,,,,,,,,,,,,,
Keaton Mitchell,RB,LAC,14.0,,,,,467.0,2.7,,27.0,205.0,0.9,,,,,,,,,,,,,,,,,,,
Dylan Sampson,RB,CLV,15.0,,,,,260.0,1.7,,42.0,291.0,1.4,,,,,,,,,,,,,,,,,,,
J.K. Dobbins,RB,DEN,12.0,,,,,673.0,4.9,,10.0,46.0,0.3,,,,,,,,,,,,,,,,,,,
Justice Hill,RB,BLT,15.0,,,,,350.0,2.3,,32.0,242.0,1.4,,,,,,,,,,,,,,,,,,,
Jacory Croskey-Merritt,RB,WAS,15.0,,,,,668.0,3.7,,11.0,83.0,0.6,,,,,,,,,,,,,,,,,,,
Ty Johnson,RB,BUF,15.0,,,,,253.0,2.1,,28.0,283.0,1.9,,,,,,,,,,,,,,,,,,,
Samaje Perine,RB,CIN,15.0,,,,,404.0,2.7,,20.0,145.0,0.7,,,,,,,,,,,,,,,,,,,
Woody Marks,RB,HST,15.0,,,,,321.0,2.0,,23.0,174.0,1.2,,,,,,,,,,,,,,,,,,,
Brian Robinson,RB,ATL,15.0,,,,,466.0,3.2,,14.0,87.0,0.4,,,,,,,,,,,,,,,,,,,
Tyler Allgeier,RB,ARZ,15.0,,,,,501.0,3.8,,8.0,71.0,0.2,,,,,,,,,,,,,,,,,,,
Zach Charbonnet,RB,SEA,9.0,,,,,356.0,4.3,,14.0,102.0,0.6,,,,,,,,,,,,,,,,,,,
Mike Washington Jr.,RB,LV,15.0,,,,,460.0,2.7,,13.0,94.0,0.5,,,,,,,,,,,,,,,,,,,
Jaydon Blue,RB,DAL,15.0,,,,,381.0,2.3,,18.0,115.0,0.8,,,,,,,,,,,,,,,,,,,
Jonah Coleman,RB,DEN,15.0,,,,,302.0,2.2,,22.0,126.0,0.7,,,,,,,,,,,,,,,,,,,
Alvin Kamara,RB,NO,11.0,,,,,297.0,1.6,,21.0,147.0,0.5,,,,,,,,,,,,,,,,,,,
Chris Rodriguez Jr.,RB,JAX,14.0,,,,,384.0,3.5,,5.0,80.0,0.4,,,,,,,,,,,,,,,,,,,
MarShawn Lloyd,RB,GB,10.0,,,,,331.0,2.1,,16.0,105.0,0.5,,,,,,,,,,,,,,,,,,,
Tyrone Tracy Jr.,RB,NYG,13.0,,,,,274.0,1.2,,19.0,157.0,0.8,,,,,,,,,,,,,,,,,,,
Jordan Mason,RB,MIN,14.0,,,,,415.0,3.5,,6.0,28.0,0.1,,,,,,,,,,,,,,,,,,,
Emmett Johnson,RB,KC,15.0,,,,,322.0,2.2,,11.0,105.0,0.6,,,,,,,,,,,,,,,,,,,
LeQuint Allen Jr.,RB,JAX,15.0,,,,,155.0,0.9,,25.0,180.0,0.8,,,,,,,,,,,,,,,,,,,
Isaiah Davis,RB,NYJ,14.0,,,,,262.0,1.3,,16.0,151.0,0.6,,,,,,,,,,,,,,,,,,,
Demond Claiborne,RB,MIN,15.0,,,,,310.0,1.9,,11.0,103.0,0.4,,,,,,,,,,,,,,,,,,,
Najee Harris,RB,NYG,12.0,,,,,299.0,1.5,,14.0,88.0,0.4,,,,,,,,,,,,,,,,,,,
George Holani,RB,SEA,13.0,,,,,210.0,1.2,,18.0,133.0,0.6,,,,,,,,,,,,,,,,,,,
Jaylen Wright,RB,MIA,14.0,,,,,268.0,1.6,,14.0,97.0,0.5,,,,,,,,,,,,,,,,,,,
Kaytron Allen,RB,WAS,15.0,,,,,305.0,1.8,,10.0,60.0,0.4,,,,,,,,,,,,,,,,,,,
Chris Brooks,RB,GB,15.0,,,,,261.0,1.4,,12.0,89.0,0.4,,,,,,,,,,,,,,,,,,,
Brashard Smith,RB,KC,15.0,,,,,126.0,0.7,,19.0,154.0,0.8,,,,,,,,,,,,,,,,,,,
Ollie Gordon II,RB,MIA,15.0,,,,,191.0,1.7,,13.0,90.0,0.5,,,,,,,,,,,,,,,,,,,
Tank Bigsby,RB,PHI,15.0,,,,,277.0,2.1,,6.0,40.0,0.2,,,,,,,,,,,,,,,,,,,
Ray Davis,RB,BUF,15.0,,,,,240.0,1.5,,7.0,75.0,0.4,,,,,,,,,,,,,,,,,,,
Seth McGowan,RB,IND,15.0,,,,,241.0,1.6,,7.0,56.0,0.2,,,,,,,,,,,,,,,,,,,
Braelon Allen,RB,NYJ,14.0,,,,,258.0,1.7,,6.0,39.0,0.2,,,,,,,,,,,,,,,,,,,
James Conner,RB,ARZ,12.0,,,,,163.0,1.2,,11.0,93.0,0.3,,,,,,,,,,,,,,,,,,,
Jordan James,RB,SF,13.0,,,,,219.0,1.3,,7.0,66.0,0.3,,,,,,,,,,,,,,,,,,,
Kaelon Black,RB,SF,15.0,,,,,211.0,1.1,,7.0,72.0,0.3,,,,,,,,,,,,,,,,,,,
DJ Giddens,RB,IND,13.0,,,,,172.0,1.0,,8.0,76.0,0.3,,,,,,,,,,,,,,,,,,,
Kyle Juszczyk,RB,SF,15.0,,,,,12.0,0.1,,17.0,168.0,0.9,,,,,,,,,,,,,,,,,,,
Nicholas Singleton,RB,TEN,15.0,,,,,155.0,0.8,,9.0,85.0,0.4,,,,,,,,,,,,,,,,,,,
Tahj Brooks,RB,CIN,15.0,,,,,190.0,1.3,,6.0,60.0,0.3,,,,,,,,,,,,,,,,,,,
Emanuel Wilson,RB,SEA,13.0,,,,,178.0,1.1,,8.0,56.0,0.3,,,,,,,,,,,,,,,,,,,
Trevor Etienne,RB,CAR,15.0,,,,,130.0,0.7,,12.0,75.0,0.5,,,,,,,,,,,,,,,,,,,
Kimani Vidal,RB,LAC,14.0,,,,,111.0,0.8,,11.0,72.0,0.4,,,,,,,,,,,,,,,,,,,
Will Shipley,RB,PHI,15.0,,,,,103.0,0.5,,11.0,87.0,0.4,,,,,,,,,,,,,,,,,,,
Devin Singletary,RB,NYG,10.0,,,,,149.0,0.9,,7.0,48.0,0.2,,,,,,,,,,,,,,,,,,,
Sean Tucker,RB,TB,14.0,,,,,147.0,1.2,,4.0,26.0,0.2,,,,,,,,,,,,,,,,,,,
Zavier Scott,RB,MIN,13.0,,,,,109.0,0.5,,7.0,63.0,0.3,,,,,,,,,,,,,,,,,,,
Kendre Miller,RB,NO,10.0,,,,,150.0,0.7,,4.0,43.0,0.2,,,,,,,,,,,,,,,,,,,
Bam Knight,RB,ARZ,10.0,,,,,105.0,0.5,,7.0,60.0,0.3,,,,,,,,,,,,,,,,,,,
Jawhar Jordan,RB,HST,15.0,,,,,154.0,0.7,,4.0,31.0,0.2,,,,,,,,,,,,,,,,,,,
Devin Neal,RB,NO,12.0,,,,,117.0,0.7,,6.0,48.0,0.1,,,,,,,,,,,,,,,,,,,
Adam Randall,RB,BLT,14.0,,,,,49.0,0.4,,7.0,88.0,0.5,,,,,,,,,,,,,,,,,,,
Eli Heidenreich,RB,PIT,15.0,,,,,75.0,0.4,,8.0,57.0,0.2,,,,,,,,,,,,,,,,,,,
Hunter Luepke,RB,DAL,15.0,,,,,53.0,0.3,,7.0,60.0,0.3,,,,,,,,,,,,,,,,,,,
Dare Ogunbowale,RB,LV,7.0,,,,,47.0,0.2,,9.0,54.0,0.3,,,,,,,,,,,,,,,,,,,
Jarquez Hunter,RB,LA,10.0,,,,,94.0,0.7,,3.0,27.0,0.1,,,,,,,,,,,,,,,,,,,
Raheim Sanders,RB,CLV,10.0,,,,,93.0,0.6,,3.0,27.0,0.1,,,,,,,,,,,,,,,,,,,
Alec Ingold,RB,LAC,15.0,,,,,8.0,0.1,,8.0,71.0,0.3,,,,,,,,,,,,,,,,,,,
Salvon Ahmed,RB,CHI,10.0,,,,,89.0,0.5,,2.0,15.0,0.1,,,,,,,,,,,,,,,,,,,
Jacob Saylors,RB,DET,10.0,,,,,64.0,0.5,,3.0,27.0,0.1,,,,,,,,,,,,,,,,,,,
Max Bredeson,RB,MIN,15.0,,,,,24.0,0.1,,6.0,52.0,0.2,,,,,,,,,,,,,,,,,,,
Adam Prentice,RB,DEN,15.0,,,,,22.0,0.1,,6.0,47.0,0.2,,,,,,,,,,,,,,,,,,,
Dylan Laube,RB,LV,8.0,,,,,60.0,0.3,,3.0,28.0,0.1,,,,,,,,,,,,,,,,,,,
Emari Demercado,RB,KC,10.0,,,,,49.0,0.3,,4.0,32.0,0.2,,,,,,,,,,,,,,,,,,,
Phil Mafah,RB,DAL,13.0,,,,,67.0,0.4,,2.0,14.0,0.1,,,,,,,,,,,,,,,,,,,
Malik Davis,RB,DAL,10.0,,,,,63.0,0.4,,2.0,15.0,0.1,,,,,,,,,,,,,,,,,,,
Nate Carter,RB,ATL,5.0,,,,,64.0,0.4,,2.0,14.0,0.1,,,,,,,,,,,,,,,,,,,
Travis Homer,RB,PIT,14.0,,,,,45.0,0.1,,3.0,25.0,0.1,,,,,,,,,,,,,,,,,,,
Michael Burton,RB,CLV,15.0,,,,,15.0,0.1,,4.0,37.0,0.2,,,,,,,,,,,,,,,,,,,
Rasheen Ali,RB,BLT,5.0,,,,,24.0,0.1,,3.0,31.0,0.2,,,,,,,,,,,,,,,,,,,
Jeremy McNichols,RB,WAS,5.0,,,,,14.0,0.1,,4.0,27.0,0.1,,,,,,,,,,,,,,,,,,,
Andrew Beck,RB,NYJ,15.0,,,,,6.0,0.0,,4.0,36.0,0.1,,,,,,,,,,,,,,,,,,,
Trey Benson,RB,ARZ,5.0,,,,,29.0,0.2,,3.0,20.0,0.1,,,,,,,,,,,,,,,,,,,
British Brooks,RB,HST,15.0,,,,,63.0,0.3,,0.0,3.0,0.0,,,,,,,,,,,,,,,,,,,
Roschon Johnson,RB,CHI,5.0,,,,,48.0,0.3,,1.0,9.0,0.0,,,,,,,,,,,,,,,,,,,
DeeJay Dallas,RB,JAX,10.0,,,,,29.0,0.1,,2.0,17.0,0.1,,,,,,,,,,,,,,,,,,,
Sione Vaki,RB,DET,10.0,,,,,22.0,0.2,,2.0,18.0,0.1,,,,,,,,,,,,,,,,,,,
Jam Miller,RB,NE,10.0,,,,,31.0,0.2,,1.0,14.0,0.1,,,,,,,,,,,,,,,,,,,
Connor Heyward,RB,LV,15.0,,,,,18.0,0.4,,1.0,10.0,0.1,,,,,,,,,,,,,,,,,,,
Kaleb Johnson,RB,PIT,6.0,,,,,32.0,0.1,,1.0,10.0,0.0,,,,,,,,,,,,,,,,,,,
Tyler Badie,RB,DEN,4.0,,,,,10.0,0.0,,2.0,18.0,0.1,,,,,,,,,,,,,,,,,,,
Pierre Strong,RB,GB,5.0,,,,,23.0,0.1,,1.0,8.0,0.0,,,,,,,,,,,,,,,,,,,
AJ Dillon,RB,CAR,7.0,,,,,16.0,0.1,,2.0,11.0,0.0,,,,,,,,,,,,,,,,,,,
Kene Nwangwu,RB,NYJ,5.0,,,,,25.0,0.1,,1.0,8.0,0.1,,,,,,,,,,,,,,,,,,,
Patrick Ricard,RB,NYG,15.0,,,,,2.0,0.0,,2.0,19.0,0.2,,,,,,,,,,,,,,,,,,,
Brady Russell,RB,SEA,15.0,,,,,2.0,0.0,,2.0,15.0,0.1,,,,,,,,,,,,,,,,,,,
Reggie Gilliam,RB,NE,15.0,,,,,3.0,0.0,,2.0,18.0,0.1,,,,,,,,,,,,,,,,,,,
Ty Chandler,RB,NO,10.0,,,,,30.0,0.1,,0.0,2.0,0.0,,,,,,,,,,,,,,,,,,,
Josh Williams,RB,TB,5.0,,,,,26.0,0.1,,0.0,4.0,0.0,,,,,,,,,,,,,,,,,,,
Ronnie Rivers,RB,LA,5.0,,,,,21.0,0.1,,1.0,5.0,0.0,,,,,,,,,,,,,,,,,,,
Jaret Patterson,RB,LAC,5.0,,,,,17.0,0.1,,1.0,5.0,0.0,,,,,,,,,,,,,,,,,,,
Michael Carter,RB,TEN,5.0,,,,,15.0,0.1,,1.0,7.0,0.0,,,,,,,,,,,,,,,,,,,
Isaac Guerendo,RB,SF,5.0,,,,,11.0,0.1,,1.0,9.0,0.0,,,,,,,,,,,,,,,,,,,
Lan Larison,RB,NE,5.0,,,,,15.0,0.1,,1.0,6.0,0.0,,,,,,,,,,,,,,,,,,,
Frank Gore Jr.,RB,BUF,7.0,,,,,13.0,0.1,,1.0,6.0,0.0,,,,,,,,,,,,,,,,,,,
Brittain Brown,RB,CHI,5.0,,,,,14.0,0.1,,1.0,7.0,0.0,,,,,,,,,,,,,,,,,,,
Dameon Pierce,RB,PHI,5.0,,,,,19.0,0.1,,0.0,2.0,0.0,,,,,,,,,,,,,,,,,,,
Kalel Mullings,RB,TEN,5.0,,,,,21.0,0.1,,0.0,2.0,0.0,,,,,,,,,,,,,,,,,,,
Damien Martinez,RB,GB,5.0,,,,,6.0,0.0,,1.0,7.0,0.0,,,,,,,,,,,,,,,,,,,
Donovan Edwards,RB,MIA,8.0,,,,,8.0,0.1,,1.0,6.0,0.0,,,,,,,,,,,,,,,,,,,
Ahmani Marshall,RB,CLV,5.0,,,,,9.0,0.0,,0.0,2.0,0.0,,,,,,,,,,,,,,,,,,,
Gary Brightwell,RB,CIN,5.0,,,,,0.0,0.0,,1.0,7.0,0.0,,,,,,,,,,,,,,,,,,,
Ulysses Bentley IV,RB,IND,5.0,,,,,8.0,0.0,,0.0,2.0,0.0,,,,,,,,,,,,,,,,,,,
Ben VanSumeren,RB,BUF,0.0,,,,,0.0,0.0,,0.0,0.0,0.0,,,,,,,,,,,,,,,,,,,
Ameer Abdullah,RB,JAX,0.0,,,,,0.0,0.0,,0.0,0.0,0.0,,,,,,,,,,,,,,,,,,,
Puka Nacua,WR,LA,15.0,,,,,74.0,0.5,,109.0,1456.0,8.2,,,,,,,,,,,,,,,,,,,
Ja'Marr Chase,WR,CIN,15.0,,,,,18.0,0.0,,102.0,1270.0,9.1,,,,,,,,,,,,,,,,,,,
Jaxon Smith-Njigba,WR,SEA,15.0,,,,,15.0,0.0,,92.0,1299.0,8.8,,,,,,,,,,,,,,,,,,,
Amon-Ra St. Brown,WR,DET,15.0,,,,,19.0,0.1,,95.0,1211.0,8.2,,,,,,,,,,,,,,,,,,,
CeeDee Lamb,WR,DAL,15.0,,,,,13.0,0.1,,88.0,1179.0,7.5,,,,,,,,,,,,,,,,,,,
Justin Jefferson,WR,MIN,15.0,,,,,10.0,0.1,,89.0,1161.0,7.6,,,,,,,,,,,,,,,,,,,
Drake London,WR,ATL,15.0,,,,,0.0,0.0,,86.0,1068.0,6.9,,,,,,,,,,,,,,,,,,,
Rashee Rice,WR,KC,14.5,,,,,21.0,0.2,,88.0,967.0,7.3,,,,,,,,,,,,,,,,,,,
Chris Olave,WR,NO,15.0,,,,,7.0,0.0,,87.0,1072.0,5.7,,,,,,,,,,,,,,,,,,,
Nico Collins,WR,HST,15.0,,,,,4.0,0.0,,79.0,1072.0,6.3,,,,,,,,,,,,,,,,,,,
A.J. Brown,WR,NE,15.0,,,,,13.0,0.1,,77.0,1035.0,6.5,,,,,,,,,,,,,,,,,,,
Tee Higgins,WR,CIN,15.0,,,,,0.0,0.0,,70.0,974.0,8.4,,,,,,,,,,,,,,,,,,,
George Pickens,WR,DAL,14.5,,,,,9.0,0.1,,75.0,1024.0,6.6,,,,,,,,,,,,,,,,,,,
Garrett Wilson,WR,NYJ,15.0,,,,,10.0,0.0,,83.0,966.0,6.2,,,,,,,,,,,,,,,,,,,
DeVonta Smith,WR,PHI,15.0,,,,,0.0,0.0,,79.0,962.0,6.1,,,,,,,,,,,,,,,,,,,
Zay Flowers,WR,BLT,15.0,,,,,33.0,0.1,,71.0,1030.0,5.6,,,,,,,,,,,,,,,,,,,
Ladd McConkey,WR,LAC,15.0,,,,,0.0,0.0,,75.0,953.0,6.2,,,,,,,,,,,,,,,,,,,
Davante Adams,WR,LA,15.0,,,,,0.0,0.0,,70.0,874.0,8.2,,,,,,,,,,,,,,,,,,,
Malik Nabers,WR,NYG,14.0,,,,,0.0,0.0,,74.0,950.0,6.0,,,,,,,,,,,,,,,,,,,
Jameson Williams,WR,DET,15.0,,,,,32.0,0.2,,58.0,974.0,6.1,,,,,,,,,,,,,,,,,,,
Mike Evans,WR,SF,15.0,,,,,0.0,0.0,,65.0,843.0,7.6,,,,,,,,,,,,,,,,,,,
Emeka Egbuka,WR,TB,15.0,,,,,10.0,0.0,,66.0,883.0,6.4,,,,,,,,,,,,,,,,,,,
Terry McLaurin,WR,WAS,15.0,,,,,0.0,0.0,,63.0,959.0,5.6,,,,,,,,,,,,,,,,,,,
Tetairoa McMillan,WR,CAR,15.0,,,,,0.0,0.0,,68.0,882.0,5.5,,,,,,,,,,,,,,,,,,,
Jaylen Waddle,WR,DEN,15.0,,,,,10.0,0.0,,66.0,888.0,5.5,,,,,,,,,,,,,,,,,,,
Christian Watson,WR,GB,14.0,,,,,9.0,0.1,,57.0,905.0,6.4,,,,,,,,,,,,,,,,,,,
Parker Washington,WR,JAX,15.0,,,,,29.0,0.2,,65.0,848.0,5.4,,,,,,,,,,,,,,,,,,,
DJ Moore,WR,BUF,15.0,,,,,48.0,0.2,,68.0,777.0,5.5,,,,,,,,,,,,,,,,,,,
Rome Odunze,WR,CHI,15.0,,,,,0.0,0.0,,63.0,841.0,6.0,,,,,,,,,,,,,,,,,,,
Luther Burden III,WR,CHI,15.0,,,,,35.0,0.0,,68.0,828.0,4.7,,,,,,,,,,,,,,,,,,,
Michael Pittman,WR,PIT,15.0,,,,,0.0,0.0,,78.0,723.0,5.3,,,,,,,,,,,,,,,,,,,
Brian Thomas Jr.,WR,JAX,15.0,,,,,16.0,0.2,,63.0,831.0,5.4,,,,,,,,,,,,,,,,,,,
DK Metcalf,WR,PIT,15.0,,,,,8.0,0.0,,65.0,809.0,5.7,,,,,,,,,,,,,,,,,,,
Jakobi Meyers,WR,JAX,15.0,,,,,17.0,0.1,,68.0,808.0,4.7,,,,,,,,,,,,,,,,,,,
Stefon Diggs,WR,WAS,15.0,,,,,0.0,0.0,,67.0,826.0,4.8,,,,,,,,,,,,,,,,,,,
Quentin Johnston,WR,LAC,15.0,,,,,11.0,0.1,,60.0,836.0,5.5,,,,,,,,,,,,,,,,,,,
Courtland Sutton,WR,DEN,15.0,,,,,0.0,0.0,,61.0,799.0,5.9,,,,,,,,,,,,,,,,,,,
Carnell Tate,WR,TEN,15.0,,,,,0.0,0.0,,67.0,770.0,4.2,,,,,,,,,,,,,,,,,,,
Jordan Addison,WR,MIN,15.0,,,,,17.0,0.1,,57.0,758.0,4.8,,,,,,,,,,,,,,,,,,,
Jayden Reed,WR,GB,15.0,,,,,77.0,0.4,,56.0,689.0,4.4,,,,,,,,,,,,,,,,,,,
Chris Godwin Jr.,WR,TB,15.0,,,,,0.0,0.0,,61.0,711.0,4.2,,,,,,,,,,,,,,,,,,,
Marvin Harrison Jr.,WR,ARZ,15.0,,,,,0.0,0.0,,60.0,692.0,4.4,,,,,,,,,,,,,,,,,,,
Romeo Doubs,WR,NE,15.0,,,,,0.0,0.0,,53.0,742.0,4.8,,,,,,,,,,,,,,,,,,,
Josh Downs,WR,IND,15.0,,,,,7.0,0.0,,60.0,665.0,3.9,,,,,,,,,,,,,,,,,,,
Cooper Kupp,WR,SEA,15.0,,,,,1.0,0.0,,54.0,738.0,3.5,,,,,,,,,,,,,,,,,,,
Deebo Samuel Sr.,WR,SF,15.0,,,,,68.0,0.6,,51.0,646.0,3.6,,,,,,,,,,,,,,,,,,,
Michael Wilson,WR,ARZ,15.0,,,,,0.0,0.0,,56.0,662.0,4.0,,,,,,,,,,,,,,,,,,,
Xavier Worthy,WR,KC,15.0,,,,,75.0,0.4,,50.0,602.0,4.0,,,,,,,,,,,,,,,,,,,
Matthew Golden,WR,GB,15.0,,,,,36.0,0.1,,44.0,649.0,4.1,,,,,,,,,,,,,,,,,,,
Khalil Shakir,WR,BUF,15.0,,,,,4.0,0.0,,56.0,615.0,3.2,,,,,,,,,,,,,,,,,,,
Keenan Allen,WR,IND,15.0,,,,,0.0,0.0,,58.0,588.0,3.3,,,,,,,,,,,,,,,,,,,
Jalen Coker,WR,CAR,14.0,,,,,0.0,0.0,,50.0,664.0,3.3,,,,,,,,,,,,,,,,,,,
Makai Lemon,WR,PHI,15.0,,,,,0.0,0.0,,52.0,612.0,3.8,,,,,,,,,,,,,,,,,,,
Alec Pierce,WR,IND,13.0,,,,,0.0,0.0,,43.0,671.0,3.9,,,,,,,,,,,,,,,,,,,
Wan'Dale Robinson,WR,TEN,15.0,,,,,14.0,0.0,,55.0,606.0,2.7,,,,,,,,,,,,,,,,,,,
Tre Tucker,WR,LV,15.0,,,,,44.0,0.2,,45.0,596.0,3.5,,,,,,,,,,,,,,,,,,,
Ryan Flournoy,WR,DAL,15.0,,,,,15.0,0.0,,44.0,610.0,3.9,,,,,,,,,,,,,,,,,,,
Jalen McMillan,WR,TB,14.0,,,,,13.0,0.0,,44.0,594.0,4.2,,,,,,,,,,,,,,,,,,,
Jalen Nailor,WR,LV,15.0,,,,,12.0,0.0,,46.0,599.0,3.6,,,,,,,,,,,,,,,,,,,
Dontayvion Wicks,WR,PHI,15.0,,,,,0.0,0.0,,41.0,653.0,3.7,,,,,,,,,,,,,,,,,,,
Jerry Jeudy,WR,CLV,15.0,,,,,3.0,0.0,,53.0,548.0,3.4,,,,,,,,,,,,,,,,,,,
Rashid Shaheed,WR,SEA,15.0,,,,,40.0,0.2,,44.0,567.0,3.1,,,,,,,,,,,,,,,,,,,
KC Concepcion,WR,CLV,15.0,,,,,0.0,0.0,,47.0,535.0,3.2,,,,,,,,,,,,,,,,,,,
Adonai Mitchell,WR,NYJ,15.0,,,,,7.0,0.0,,44.0,547.0,3.1,,,,,,,,,,,,,,,,,,,
Jauan Jennings,WR,MIN,15.0,,,,,0.0,0.0,,42.0,526.0,3.2,,,,,,,,,,,,,,,,,,,
Devaughn Vele,WR,NO,14.0,,,,,0.0,0.0,,45.0,489.0,3.1,,,,,,,,,,,,,,,,,,,
Rashod Bateman,WR,BLT,15.0,,,,,0.0,0.0,,35.0,526.0,3.9,,,,,,,,,,,,,,,,,,,
Caleb Douglas,WR,MIA,15.0,,,,,0.0,0.0,,38.0,564.0,2.7,,,,,,,,,,,,,,,,,,,
Calvin Ridley,WR,TEN,15.0,,,,,0.0,0.0,,39.0,547.0,2.8,,,,,,,,,,,,,,,,,,,
Denzel Boston,WR,CLV,15.0,,,,,0.0,0.0,,43.0,480.0,2.9,,,,,,,,,,,,,,,,,,,
Kayshon Boutte,WR,HST,15.0,,,,,0.0,0.0,,36.0,502.0,3.1,,,,,,,,,,,,,,,,,,,
Malik Washington,WR,MIA,15.0,,,,,54.0,0.3,,44.0,379.0,2.3,,,,,,,,,,,,,,,,,,,
Jordyn Tyson,WR,NO,11.0,,,,,0.0,0.0,,36.0,495.0,2.8,,,,,,,,,,,,,,,,,,,
KaVontae Turpin,WR,DAL,15.0,,,,,90.0,0.4,,31.0,431.0,2.9,,,,,,,,,,,,,,,,,,,
Jaylin Noel,WR,HST,14.0,,,,,13.0,0.0,,35.0,464.0,3.0,,,,,,,,,,,,,,,,,,,
Marvin Mims Jr.,WR,DEN,15.0,,,,,59.0,0.3,,38.0,398.0,2.4,,,,,,,,,,,,,,,,,,,
Tre Harris,WR,LAC,15.0,,,,,14.0,0.1,,36.0,439.0,2.9,,,,,,,,,,,,,,,,,,,
Omar Cooper Jr.,WR,NYJ,15.0,,,,,0.0,0.0,,35.0,453.0,2.8,,,,,,,,,,,,,,,,,,,
De'Zhaun Stribling,WR,SF,15.0,,,,,0.0,0.0,,32.0,474.0,2.7,,,,,,,,,,,,,,,,,,,
Malachi Fields,WR,NYG,15.0,,,,,0.0,0.0,,32.0,440.0,2.7,,,,,,,,,,,,,,,,,,,
Kendrick Bourne,WR,ARZ,15.0,,,,,5.0,0.0,,32.0,443.0,2.5,,,,,,,,,,,,,,,,,,,
Pat Bryant,WR,DEN,15.0,,,,,0.0,0.0,,33.0,418.0,2.5,,,,,,,,,,,,,,,,,,,
Xavier Legette,WR,CAR,15.0,,,,,13.0,0.0,,35.0,369.0,2.5,,,,,,,,,,,,,,,,,,,
Tank Dell,WR,HST,12.0,,,,,0.0,0.0,,29.0,434.0,2.5,,,,,,,,,,,,,,,,,,,
Ja'Kobi Lane,WR,BLT,15.0,,,,,0.0,0.0,,30.0,422.0,2.3,,,,,,,,,,,,,,,,,,,
Germie Bernard,WR,PIT,15.0,,,,,0.0,0.0,,31.0,387.0,2.4,,,,,,,,,,,,,,,,,,,
Jahan Dotson,WR,ATL,15.0,,,,,0.0,0.0,,36.0,357.0,2.0,,,,,,,,,,,,,,,,,,,
Tyquan Thornton,WR,KC,15.0,,,,,0.0,0.0,,24.0,403.0,2.8,,,,,,,,,,,,,,,,,,,
Isaac TeSlaa,WR,DET,15.0,,,,,0.0,0.0,,26.0,379.0,2.7,,,,,,,,,,,,,,,,,,,
Andrei Iosivas,WR,CIN,15.0,,,,,5.0,0.0,,31.0,321.0,2.5,,,,,,,,,,,,,,,,,,,
Jack Bech,WR,LV,15.0,,,,,0.0,0.0,,29.0,369.0,2.1,,,,,,,,,,,,,,,,,,,
Keon Coleman,WR,BUF,15.0,,,,,0.0,0.0,,27.0,367.0,2.3,,,,,,,,,,,,,,,,,,,
Calvin Austin III,WR,NYG,15.0,,,,,0.0,0.0,,30.0,354.0,2.0,,,,,,,,,,,,,,,,,,,
Kalif Raymond,WR,CHI,15.0,,,,,0.0,0.0,,25.0,387.0,2.0,,,,,,,,,,,,,,,,,,,
Chris Bell,WR,MIA,13.0,,,,,0.0,0.0,,28.0,376.0,1.8,,,,,,,,,,,,,,,,,,,
Cyrus Allen,WR,KC,15.0,,,,,0.0,0.0,,27.0,349.0,2.3,,,,,,,,,,,,,,,,,,,
Mack Hollins,WR,NE,15.0,,,,,0.0,0.0,,25.0,353.0,2.0,,,,,,,,,,,,,,,,,,,
DeMario Douglas,WR,NE,15.0,,,,,19.0,0.0,,23.0,335.0,1.7,,,,,,,,,,,,,,,,,,,
Olamide Zaccheaus,WR,ATL,15.0,,,,,0.0,0.0,,29.0,259.0,2.0,,,,,,,,,,,,,,,,,,,
Zachariah Branch,WR,ATL,15.0,,,,,23.0,0.2,,23.0,318.0,1.3,,,,,,,,,,,,,,,,,,,
Josh Palmer,WR,BUF,15.0,,,,,0.0,0.0,,22.0,305.0,1.9,,,,,,,,,,,,,,,,,,,
Colbie Young,WR,CIN,15.0,,,,,0.0,0.0,,22.0,299.0,1.9,,,,,,,,,,,,,,,,,,,
Christian Kirk,WR,SF,13.0,,,,,0.0,0.0,,21.0,308.0,1.8,,,,,,,,,,,,,,,,,,,
Xavier Hutchinson,WR,HST,15.0,,,,,11.0,0.0,,21.0,283.0,1.7,,,,,,,,,,,,,,,,,,,
Antonio Williams,WR,WAS,15.0,,,,,0.0,0.0,,24.0,279.0,1.6,,,,,,,,,,,,,,,,,,,
Elic Ayomanor,WR,TEN,15.0,,,,,0.0,0.0,,24.0,263.0,1.8,,,,,,,,,,,,,,,,,,,
Roman Wilson,WR,PIT,14.0,,,,,0.0,0.0,,22.0,269.0,1.8,,,,,,,,,,,,,,,,,,,
Troy Franklin,WR,DEN,15.0,,,,,13.0,0.0,,20.0,248.0,1.7,,,,,,,,,,,,,,,,,,,
Zavion Thomas,WR,CHI,15.0,,,,,68.0,0.2,,16.0,239.0,1.4,,,,,,,,,,,,,,,,,,,
John Metchie III,WR,CAR,14.0,,,,,0.0,0.0,,23.0,244.0,1.5,,,,,,,,,,,,,,,,,,,
Bryce Lance,WR,NO,15.0,,,,,0.0,0.0,,23.0,241.0,1.5,,,,,,,,,,,,,,,,,,,
Tory Horton,WR,SEA,14.0,,,,,0.0,0.0,,18.0,277.0,1.5,,,,,,,,,,,,,,,,,,,
Isaiah Williams,WR,NYJ,14.0,,,,,9.0,0.0,,24.0,217.0,1.3,,,,,,,,,,,,,,,,,,,
Ashton Dulin,WR,IND,15.0,,,,,24.0,0.0,,16.0,271.0,1.2,,,,,,,,,,,,,,,,,,,
Ted Hurst III,WR,TB,15.0,,,,,0.0,0.0,,17.0,236.0,1.7,,,,,,,,,,,,,,,,,,,
Tez Johnson,WR,TB,15.0,,,,,32.0,0.1,,18.0,189.0,1.5,,,,,,,,,,,,,,,,,,,
Travis Hunter,WR,JAX,14.0,,,,,13.0,0.1,,16.0,208.0,1.4,,,,,,,,,,,,,,,,,,,
Darius Slayton,WR,NYG,15.0,,,,,0.0,0.0,,16.0,222.0,1.4,,,,,,,,,,,,,,,,,,,
Savion Williams,WR,GB,14.0,,,,,52.0,0.1,,12.0,203.0,1.5,,,,,,,,,,,,,,,,,,,
Chimere Dike,WR,TEN,15.0,,,,,0.0,0.0,,18.0,193.0,1.2,,,,,,,,,,,,,,,,,,,
Devontez Walker,WR,BLT,15.0,,,,,0.0,0.0,,14.0,201.0,1.2,,,,,,,,,,,,,,,,,,,
Jordan Whittington,WR,LA,15.0,,,,,13.0,0.1,,15.0,185.0,1.0,,,,,,,,,,,,,,,,,,,
Konata Mumpfield,WR,LA,15.0,,,,,0.0,0.0,,13.0,204.0,1.1,,,,,,,,,,,,,,,,,,,
Treylon Burks,WR,WAS,10.0,,,,,0.0,0.0,,15.0,189.0,0.9,,,,,,,,,,,,,,,,,,,
Skyler Bell,WR,BUF,15.0,,,,,0.0,0.0,,13.0,189.0,1.1,,,,,,,,,,,,,,,,,,,
Isaiah Bond,WR,CLV,15.0,,,,,24.0,0.0,,12.0,193.0,0.9,,,,,,,,,,,,,,,,,,,
Greg Dortch,WR,DET,12.0,,,,,14.0,0.0,,15.0,160.0,1.0,,,,,,,,,,,,,,,,,,,
Darnell Mooney,WR,NYG,15.0,,,,,0.0,0.0,,13.0,187.0,1.0,,,,,,,,,,,,,,,,,,,
Jalen Tolbert,WR,MIA,12.0,,,,,0.0,0.0,,13.0,180.0,1.0,,,,,,,,,,,,,,,,,,,
Malik Benson,WR,LV,15.0,,,,,0.0,0.0,,14.0,167.0,0.9,,,,,,,,,,,,,,,,,,,
Xavier Smith,WR,LA,15.0,,,,,0.0,0.0,,13.0,178.0,0.8,,,,,,,,,,,,,,,,,,,
Kyle Williams,WR,NE,14.0,,,,,7.0,0.0,,12.0,152.0,1.2,,,,,,,,,,,,,,,,,,,
Tutu Atwell,WR,MIA,12.0,,,,,0.0,0.0,,11.0,179.0,1.0,,,,,,,,,,,,,,,,,,,
Kevin Coleman Jr.,WR,MIA,13.0,,,,,0.0,0.0,,13.0,155.0,0.9,,,,,,,,,,,,,,,,,,,
Noah Brown,WR,LV,10.0,,,,,0.0,0.0,,11.0,164.0,0.9,,,,,,,,,,,,,,,,,,,
Barion Brown,WR,NO,15.0,,,,,0.0,0.0,,14.0,143.0,0.8,,,,,,,,,,,,,,,,,,,
Tai Felton,WR,MIN,15.0,,,,,0.0,0.0,,13.0,149.0,1.0,,,,,,,,,,,,,,,,,,,
Cedrick Wilson Jr.,WR,DET,12.0,,,,,0.0,0.0,,12.0,126.0,1.0,,,,,,,,,,,,,,,,,,,
Marquise Brown,WR,PHI,14.0,,,,,0.0,0.0,,10.0,165.0,0.7,,,,,,,,,,,,,,,,,,,
Demarcus Robinson,WR,SF,13.0,,,,,0.0,0.0,,9.0,152.0,0.8,,,,,,,,,,,,,,,,,,,
Reggie Virgil,WR,ARZ,15.0,,,,,0.0,0.0,,11.0,126.0,0.7,,,,,,,,,,,,,,,,,,,
Nick Westbrook-Ikhine,WR,IND,15.0,,,,,0.0,0.0,,11.0,118.0,0.8,,,,,,,,,,,,,,,,,,,
Bo Melton,WR,GB,13.0,,,,,31.0,0.0,,10.0,95.0,0.7,,,,,,,,,,,,,,,,,,,
Jimmy Horn Jr.,WR,CAR,14.0,,,,,38.0,0.0,,9.0,100.0,0.6,,,,,,,,,,,,,,,,,,,
Elijah Sarratt,WR,BLT,10.0,,,,,0.0,0.0,,9.0,136.0,0.7,,,,,,,,,,,,,,,,,,,
Brenen Thompson,WR,LAC,15.0,,,,,0.0,0.0,,9.0,130.0,0.7,,,,,,,,,,,,,,,,,,,
Mitchell Tinsley,WR,CIN,15.0,,,,,0.0,0.0,,10.0,111.0,0.9,,,,,,,,,,,,,,,,,,,
Cedric Tillman,WR,CLV,13.0,,,,,0.0,0.0,,10.0,118.0,0.6,,,,,,,,,,,,,,,,,,,
Jalen Royals,WR,KC,15.0,,,,,0.0,0.0,,9.0,111.0,0.8,,,,,,,,,,,,,,,,,,,
Darius Cooper,WR,PHI,14.0,,,,,0.0,0.0,,9.0,110.0,0.5,,,,,,,,,,,,,,,,,,,
Luke McCaffrey,WR,WAS,15.0,,,,,0.0,0.0,,10.0,94.0,0.5,,,,,,,,,,,,,,,,,,,
Jaylin Lane,WR,WAS,15.0,,,,,0.0,0.0,,8.0,108.0,0.6,,,,,,,,,,,,,,,,,,,
CJ Daniels,WR,LA,15.0,,,,,0.0,0.0,,8.0,91.0,0.6,,,,,,,,,,,,,,,,,,,
KeAndre Lambert-Smith,WR,LAC,12.0,,,,,0.0,0.0,,6.0,96.0,0.5,,,,,,,,,,,,,,,,,,,
Van Jefferson,WR,WAS,15.0,,,,,0.0,0.0,,7.0,88.0,0.5,,,,,,,,,,,,,,,,,,,
Xavier Weaver,WR,ARZ,15.0,,,,,0.0,0.0,,5.0,98.0,0.6,,,,,,,,,,,,,,,,,,,
Odell Beckham Jr.,WR,NYG,10.0,,,,,0.0,0.0,,7.0,73.0,0.6,,,,,,,,,,,,,,,,,,,
Arian Smith,WR,NYJ,15.0,,,,,13.0,0.0,,7.0,72.0,0.5,,,,,,,,,,,,,,,,,,,
Dont'e Thornton Jr.,WR,LV,10.0,,,,,0.0,0.0,,7.0,83.0,0.4,,,,,,,,,,,,,,,,,,,
Laquon Treadwell,WR,IND,10.0,,,,,0.0,0.0,,5.0,78.0,0.3,,,,,,,,,,,,,,,,,,,
Deion Burks,WR,IND,14.0,,,,,0.0,0.0,,6.0,72.0,0.3,,,,,,,,,,,,,,,,,,,
Emmanuel Henderson Jr.,WR,SEA,15.0,,,,,0.0,0.0,,4.0,75.0,0.5,,,,,,,,,,,,,,,,,,,
Mason Tipton,WR,NO,12.0,,,,,10.0,0.0,,5.0,56.0,0.4,,,,,,,,,,,,,,,,,,,
Jalen Reagor,WR,MIA,10.0,,,,,0.0,0.0,,5.0,71.0,0.2,,,,,,,,,,,,,,,,,,,
Jonathan Mingo,WR,DAL,10.0,,,,,0.0,0.0,,6.0,46.0,0.4,,,,,,,,,,,,,,,,,,,
Marquez Valdes-Scantling,WR,DAL,6.0,,,,,5.0,0.0,,4.0,50.0,0.4,,,,,,,,,,,,,,,,,,,
Elijah Moore,WR,PHI,10.0,,,,,0.0,0.0,,5.0,44.0,0.4,,,,,,,,,,,,,,,,,,,
Jahdae Walker,WR,CHI,14.0,,,,,0.0,0.0,,4.0,62.0,0.3,,,,,,,,,,,,,,,,,,,
Austin Trammell,WR,JAX,10.0,,,,,0.0,0.0,,4.0,51.0,0.3,,,,,,,,,,,,,,,,,,,
Tylan Wallace,WR,CLV,14.0,,,,,0.0,0.0,,3.0,55.0,0.3,,,,,,,,,,,,,,,,,,,
Tyrell Shavers,WR,BUF,5.0,,,,,0.0,0.0,,3.0,53.0,0.3,,,,,,,,,,,,,,,,,,,
Mecole Hardman,WR,BUF,10.0,,,,,14.0,0.0,,4.0,40.0,0.2,,,,,,,,,,,,,,,,,,,
Chris Blair,WR,ATL,10.0,,,,,0.0,0.0,,4.0,50.0,0.3,,,,,,,,,,,,,,,,,,,
Kameron Johnson,WR,TB,10.0,,,,,0.0,0.0,,4.0,47.0,0.3,,,,,,,,,,,,,,,,,,,
David Moore,WR,CAR,10.0,,,,,0.0,0.0,,4.0,41.0,0.3,,,,,,,,,,,,,,,,,,,
Derius Davis,WR,LAC,12.0,,,,,33.0,0.2,,2.0,23.0,0.2,,,,,,,,,,,,,,,,,,,
Ben Skowronek,WR,PIT,14.0,,,,,0.0,0.0,,4.0,37.0,0.2,,,,,,,,,,,,,,,,,,,
Dareke Young,WR,LV,10.0,,,,,0.0,0.0,,3.0,45.0,0.2,,,,,,,,,,,,,,,,,,,
Lil'Jordan Humphrey,WR,DEN,10.0,,,,,0.0,0.0,,3.0,36.0,0.3,,,,,,,,,,,,,,,,,,,
LaJohntay Wester,WR,BLT,14.0,,,,,0.0,0.0,,2.0,43.0,0.3,,,,,,,,,,,,,,,,,,,
Tim Patrick,WR,NYJ,5.0,,,,,5.0,0.0,,2.0,37.0,0.3,,,,,,,,,,,,,,,,,,,
Malachi Corley,WR,CLV,8.0,,,,,35.0,0.1,,1.0,19.0,0.1,,,,,,,,,,,,,,,,,,,
Tim Jones,WR,JAX,10.0,,,,,0.0,0.0,,3.0,35.0,0.2,,,,,,,,,,,,,,,,,,,
C.J. Williams,WR,JAX,15.0,,,,,0.0,0.0,,2.0,34.0,0.2,,,,,,,,,,,,,,,,,,,
Myles Price,WR,MIN,14.0,,,,,0.0,0.0,,3.0,27.0,0.2,,,,,,,,,,,,,,,,,,,
Jalen Brooks,WR,ARZ,10.0,,,,,0.0,0.0,,1.0,33.0,0.3,,,,,,,,,,,,,,,,,,,
Jake Bobo,WR,SEA,14.0,,,,,0.0,0.0,,2.0,34.0,0.2,,,,,,,,,,,,,,,,,,,
Jacob Cowing,WR,SF,13.0,,,,,10.0,0.0,,1.0,28.0,0.1,,,,,,,,,,,,,,,,,,,
Skyy Moore,WR,GB,7.0,,,,,0.0,0.0,,2.0,30.0,0.2,,,,,,,,,,,,,,,,,,,
Devin Duvernay,WR,ARZ,12.0,,,,,0.0,0.0,,1.0,24.0,0.2,,,,,,,,,,,,,,,,,,,
Justin Watson,WR,HST,5.0,,,,,0.0,0.0,,2.0,17.0,0.1,,,,,,,,,,,,,,,,,,,
Nikko Remigio,WR,KC,10.0,,,,,0.0,0.0,,2.0,17.0,0.1,,,,,,,,,,,,,,,,,,,
Xavier Restrepo,WR,TEN,5.0,,,,,0.0,0.0,,1.0,17.0,0.1,,,,,,,,,,,,,,,,,,,
Jason Brownlee,WR,KC,5.0,,,,,0.0,0.0,,1.0,14.0,0.1,,,,,,,,,,,,,,,,,,,
Kaden Wetjen,WR,PIT,10.0,,,,,0.0,0.0,,1.0,15.0,0.2,,,,,,,,,,,,,,,,,,,
Scott Miller,WR,CHI,5.0,,,,,0.0,0.0,,1.0,16.0,0.1,,,,,,,,,,,,,,,,,,,
Dylan Drummond,WR,ATL,10.0,,,,,0.0,0.0,,1.0,13.0,0.1,,,,,,,,,,,,,,,,,,,
Dominic Lovett,WR,DET,7.0,,,,,0.0,0.0,,1.0,10.0,0.1,,,,,,,,,,,,,,,,,,,
Efton Chism III,WR,NE,5.0,,,,,0.0,0.0,,1.0,11.0,0.1,,,,,,,,,,,,,,,,,,,
JP Richardson,WR,CHI,5.0,,,,,0.0,0.0,,1.0,8.0,0.0,,,,,,,,,,,,,,,,,,,
Ke'Shawn Williams,WR,CIN,5.0,,,,,0.0,0.0,,1.0,6.0,0.1,,,,,,,,,,,,,,,,,,,
Charlie Jones,WR,CIN,5.0,,,,,0.0,0.0,,1.0,4.0,0.0,,,,,,,,,,,,,,,,,,,
Jeshaun Jones,WR,MIN,5.0,,,,,0.0,0.0,,0.0,4.0,0.0,,,,,,,,,,,,,,,,,,,
Dontae Fleming,WR,MIN,5.0,,,,,0.0,0.0,,0.0,4.0,0.0,,,,,,,,,,,,,,,,,,,
Kevin Austin Jr.,WR,NO,0.0,,,,,0.0,0.0,,0.0,0.0,0.0,,,,,,,,,,,,,,,,,,,
Isaiah Hodgins,WR,NYG,0.0,,,,,0.0,0.0,,0.0,0.0,0.0,,,,,,,,,,,,,,,,,,,
Dayton Wade,WR,BLT,0.0,,,,,0.0,0.0,,0.0,0.0,0.0,,,,,,,,,,,,,,,,,,,
Jordan Watkins,WR,SF,0.0,,,,,0.0,0.0,,0.0,0.0,0.0,,,,,,,,,,,,,,,,,,,
Michael Bandy,WR,DEN,0.0,,,,,0.0,0.0,,0.0,0.0,0.0,,,,,,,,,,,,,,,,,,,
Ricky White III,WR,SEA,0.0,,,,,0.0,0.0,,0.0,0.0,0.0,,,,,,,,,,,,,,,,,,,
Garrett Greene,WR,TB,0.0,,,,,0.0,0.0,,0.0,0.0,0.0,,,,,,,,,,,,,,,,,,,
Jared Wayne,WR,HST,0.0,,,,,0.0,0.0,,0.0,0.0,0.0,,,,,,,,,,,,,,,,,,,
Tyler Scott,WR,LA,0.0,,,,,0.0,0.0,,0.0,0.0,0.0,,,,,,,,,,,,,,,,,,,
Brock Bowers,TE,LV,15.0,,,,,9.0,0.0,,86.0,916.0,6.3,,,,,,,,,,,,,,,,,,,
Trey McBride,TE,ARZ,15.0,,,,,0.0,0.0,,91.0,776.0,5.6,,,,,,,,,,,,,,,,,,,
Colston Loveland,TE,CHI,15.0,,,,,4.0,0.0,,73.0,796.0,5.5,,,,,,,,,,,,,,,,,,,
Tyler Warren,TE,IND,15.0,,,,,9.0,0.7,,73.0,770.0,4.9,,,,,,,,,,,,,,,,,,,
Kyle Pitts,TE,ATL,15.0,,,,,0.0,0.0,,65.0,750.0,4.2,,,,,,,,,,,,,,,,,,,
Sam LaPorta,TE,DET,14.0,,,,,0.0,0.0,,63.0,697.0,5.1,,,,,,,,,,,,,,,,,,,
Harold Fannin Jr.,TE,CLV,15.0,,,,,12.0,0.2,,68.0,650.0,4.1,,,,,,,,,,,,,,,,,,,
Travis Kelce,TE,KC,15.0,,,,,0.0,0.0,,61.0,707.0,4.4,,,,,,,,,,,,,,,,,,,
Dallas Goedert,TE,PHI,15.0,,,,,0.0,0.0,,63.0,662.0,4.7,,,,,,,,,,,,,,,,,,,
Jake Ferguson,TE,DAL,15.0,,,,,0.0,0.0,,64.0,604.0,5.4,,,,,,,,,,,,,,,,,,,
Tucker Kraft,TE,GB,14.5,,,,,6.0,0.0,,58.0,619.0,5.4,,,,,,,,,,,,,,,,,,,
George Kittle,TE,SF,13.0,,,,,2.0,0.0,,56.0,645.0,5.3,,,,,,,,,,,,,,,,,,,
Mark Andrews,TE,BLT,15.0,,,,,6.0,0.2,,57.0,591.0,5.7,,,,,,,,,,,,,,,,,,,
Juwan Johnson,TE,NO,15.0,,,,,0.0,0.0,,63.0,665.0,3.5,,,,,,,,,,,,,,,,,,,
Brenton Strange,TE,JAX,15.0,,,,,0.0,0.0,,59.0,625.0,4.1,,,,,,,,,,,,,,,,,,,
Dalton Schultz,TE,HST,15.0,,,,,0.0,0.0,,57.0,581.0,3.6,,,,,,,,,,,,,,,,,,,
Dalton Kincaid,TE,BUF,14.5,,,,,0.0,0.0,,52.0,566.0,4.2,,,,,,,,,,,,,,,,,,,
Hunter Henry,TE,NE,15.0,,,,,0.0,0.0,,49.0,556.0,4.6,,,,,,,,,,,,,,,,,,,
T.J. Hockenson,TE,MIN,15.0,,,,,0.0,0.0,,57.0,519.0,3.7,,,,,,,,,,,,,,,,,,,
Isaiah Likely,TE,NYG,15.0,,,,,0.0,0.0,,51.0,554.0,3.4,,,,,,,,,,,,,,,,,,,
Cade Otton,TE,TB,15.0,,,,,0.0,0.0,,56.0,487.0,3.5,,,,,,,,,,,,,,,,,,,
Charlie Kolar,TE,LAC,15.0,,,,,0.0,0.0,,45.0,561.0,3.8,,,,,,,,,,,,,,,,,,,
AJ Barner,TE,SEA,15.0,,,,,10.0,0.5,,41.0,462.0,3.9,,,,,,,,,,,,,,,,,,,
Chig Okonkwo,TE,WAS,15.0,,,,,0.0,0.0,,42.0,513.0,2.9,,,,,,,,,,,,,,,,,,,
Pat Freiermuth,TE,PIT,15.0,,,,,0.0,0.0,,43.0,453.0,3.4,,,,,,,,,,,,,,,,,,,
Gunnar Helm,TE,TEN,15.0,,,,,0.0,0.0,,45.0,431.0,3.0,,,,,,,,,,,,,,,,,,,
Evan Engram,TE,DEN,15.0,,,,,3.0,0.0,,46.0,441.0,2.6,,,,,,,,,,,,,,,,,,,
Jonnu Smith,TE,FA,15.0,,,,,48.0,0.9,,35.0,401.0,2.7,,,,,,,,,,,,,,,,,,,
Greg Dulcich,TE,MIA,12.0,,,,,0.0,0.0,,36.0,444.0,2.6,,,,,,,,,,,,,,,,,,,
Michael Mayer,TE,LV,14.0,,,,,0.0,0.0,,37.0,412.0,2.4,,,,,,,,,,,,,,,,,,,
Kenyon Sadiq,TE,NYJ,14.0,,,,,0.0,0.0,,38.0,397.0,2.6,,,,,,,,,,,,,,,,,,,
Colby Parkinson,TE,LA,15.0,,,,,0.0,0.0,,34.0,348.0,3.5,,,,,,,,,,,,,,,,,,,
Mason Taylor,TE,NYJ,15.0,,,,,0.0,0.0,,37.0,357.0,2.6,,,,,,,,,,,,,,,,,,,
Mike Gesicki,TE,CIN,15.0,,,,,0.0,0.0,,36.0,344.0,2.8,,,,,,,,,,,,,,,,,,,
Theo Johnson,TE,NYG,14.0,,,,,0.0,0.0,,32.0,358.0,2.6,,,,,,,,,,,,,,,,,,,
Cole Kmet,TE,CHI,15.0,,,,,0.0,0.0,,34.0,325.0,2.6,,,,,,,,,,,,,,,,,,,
Darnell Washington,TE,PIT,15.0,,,,,0.0,0.0,,33.0,342.0,2.4,,,,,,,,,,,,,,,,,,,
Dawson Knox,TE,BUF,15.0,,,,,0.0,0.0,,26.0,336.0,3.1,,,,,,,,,,,,,,,,,,,
David Njoku,TE,LAC,14.0,,,,,0.0,0.0,,28.0,283.0,2.2,,,,,,,,,,,,,,,,,,,
Tyler Higbee,TE,LA,14.0,,,,,0.0,0.0,,27.0,267.0,2.3,,,,,,,,,,,,,,,,,,,
Terrance Ferguson,TE,LA,15.0,,,,,0.0,0.0,,23.0,279.0,2.5,,,,,,,,,,,,,,,,,,,
Darren Waller,TE,CAR,11.0,,,,,0.0,0.0,,27.0,273.0,1.8,,,,,,,,,,,,,,,,,,,
Noah Gray,TE,KC,15.0,,,,,0.0,0.0,,28.0,255.0,1.5,,,,,,,,,,,,,,,,,,,
Noah Fant,TE,NO,15.0,,,,,0.0,0.0,,26.0,267.0,1.5,,,,,,,,,,,,,,,,,,,
Oronde Gadsden II,TE,LAC,15.0,,,,,0.0,0.0,,23.0,267.0,1.8,,,,,,,,,,,,,,,,,,,
Elijah Arroyo,TE,SEA,15.0,,,,,0.0,0.0,,24.0,239.0,1.5,,,,,,,,,,,,,,,,,,,
Oscar Delp,TE,NO,15.0,,,,,0.0,0.0,,24.0,231.0,1.4,,,,,,,,,,,,,,,,,,,
Daniel Bellinger,TE,TEN,15.0,,,,,0.0,0.0,,24.0,225.0,1.4,,,,,,,,,,,,,,,,,,,
Elijah Higgins,TE,ARZ,15.0,,,,,0.0,0.0,,21.0,261.0,1.1,,,,,,,,,,,,,,,,,,,
Jake Tonges,TE,SF,15.0,,,,,0.0,0.0,,19.0,209.0,2.0,,,,,,,,,,,,,,,,,,,
Austin Hooper,TE,ATL,15.0,,,,,0.0,0.0,,20.0,215.0,1.3,,,,,,,,,,,,,,,,,,,
Tanner Hudson,TE,CIN,15.0,,,,,0.0,0.0,,18.0,210.0,1.5,,,,,,,,,,,,,,,,,,,
Drew Sample,TE,CIN,15.0,,,,,0.0,0.0,,22.0,178.0,1.2,,,,,,,,,,,,,,,,,,,
Eli Raridon,TE,NE,15.0,,,,,0.0,0.0,,19.0,161.0,1.5,,,,,,,,,,,,,,,,,,,
Josh Whyle,TE,GB,15.0,,,,,0.0,0.0,,18.0,162.0,1.4,,,,,,,,,,,,,,,,,,,
Tommy Tremble,TE,CAR,14.0,,,,,0.0,0.0,,18.0,166.0,1.2,,,,,,,,,,,,,,,,,,,
Josh Oliver,TE,MIN,15.0,,,,,0.0,0.0,,18.0,164.0,1.3,,,,,,,,,,,,,,,,,,,
Will Kacmarek,TE,MIA,15.0,,,,,0.0,0.0,,17.0,163.0,1.4,,,,,,,,,,,,,,,,,,,
Joe Royer,TE,CLV,15.0,,,,,0.0,0.0,,16.0,150.0,1.3,,,,,,,,,,,,,,,,,,,
Cade Stover,TE,HST,15.0,,,,,0.0,0.0,,20.0,127.0,1.0,,,,,,,,,,,,,,,,,,,
Ja'Tavion Sanders,TE,CAR,15.0,,,,,0.0,0.0,,17.0,150.0,1.0,,,,,,,,,,,,,,,,,,,
Adam Trautman,TE,DEN,15.0,,,,,0.0,0.0,,13.0,151.0,1.1,,,,,,,,,,,,,,,,,,,
Luke Schoonmaker,TE,DAL,15.0,,,,,0.0,0.0,,14.0,134.0,1.1,,,,,,,,,,,,,,,,,,,
Mo Alie-Cox,TE,IND,15.0,,,,,0.0,0.0,,14.0,132.0,1.2,,,,,,,,,,,,,,,,,,,
Brock Wright,TE,DET,15.0,,,,,0.0,0.0,,15.0,121.0,1.1,,,,,,,,,,,,,,,,,,,
Ben Sinnott,TE,WAS,15.0,,,,,0.0,0.0,,13.0,125.0,1.2,,,,,,,,,,,,,,,,,,,
Max Klare,TE,LA,15.0,,,,,0.0,0.0,,13.0,128.0,1.1,,,,,,,,,,,,,,,,,,,
Eli Stowers,TE,PHI,15.0,,,,,0.0,0.0,,13.0,122.0,1.1,,,,,,,,,,,,,,,,,,,
Luke Musgrave,TE,GB,10.0,,,,,0.0,0.0,,14.0,129.0,0.7,,,,,,,,,,,,,,,,,,,
Mitchell Evans,TE,CAR,15.0,,,,,0.0,0.0,,13.0,128.0,0.8,,,,,,,,,,,,,,,,,,,
Tip Reiman,TE,ARZ,15.0,,,,,0.0,0.0,,11.0,136.0,1.0,,,,,,,,,,,,,,,,,,,
Nate Boerkircher,TE,JAX,15.0,,,,,0.0,0.0,,12.0,120.0,1.0,,,,,,,,,,,,,,,,,,,
Matthew Hibner,TE,BLT,15.0,,,,,0.0,0.0,,12.0,119.0,1.0,,,,,,,,,,,,,,,,,,,
John Bates,TE,WAS,15.0,,,,,0.0,0.0,,12.0,111.0,1.0,,,,,,,,,,,,,,,,,,,
Durham Smythe,TE,BLT,15.0,,,,,0.0,0.0,,11.0,120.0,0.8,,,,,,,,,,,,,,,,,,,
Marlin Klein,TE,HST,15.0,,,,,0.0,0.0,,13.0,92.0,0.8,,,,,,,,,,,,,,,,,,,
Erick All,TE,CIN,8.0,,,,,0.0,0.0,,10.0,114.0,0.9,,,,,,,,,,,,,,,,,,,
Jeremy Ruckert,TE,NYJ,15.0,,,,,0.0,0.0,,12.0,107.0,0.6,,,,,,,,,,,,,,,,,,,
Johnny Mundt,TE,PHI,15.0,,,,,4.0,0.0,,12.0,88.0,0.7,,,,,,,,,,,,,,,,,,,
Sam Roush,TE,CHI,15.0,,,,,0.0,0.0,,12.0,91.0,0.8,,,,,,,,,,,,,,,,,,,
Josh Cuevas,TE,BLT,14.0,,,,,0.0,0.0,,11.0,83.0,1.0,,,,,,,,,,,,,,,,,,,
Tyler Conklin,TE,DET,15.0,,,,,0.0,0.0,,10.0,102.0,0.5,,,,,,,,,,,,,,,,,,,
Seydou Traore,TE,MIA,15.0,,,,,0.0,0.0,,8.0,97.0,0.8,,,,,,,,,,,,,,,,,,,
Brevyn Spann-Ford,TE,DAL,15.0,,,,,0.0,0.0,,8.0,72.0,0.8,,,,,,,,,,,,,,,,,,,
Riley Nowakowski,TE,PIT,15.0,,,,,0.0,0.0,,7.0,88.0,0.6,,,,,,,,,,,,,,,,,,,
Ben Sims,TE,MIA,15.0,,,,,0.0,0.0,,8.0,74.0,0.5,,,,,,,,,,,,,,,,,,,
Jackson Hawes,TE,BUF,14.0,,,,,0.0,0.0,,6.0,79.0,0.8,,,,,,,,,,,,,,,,,,,
Andrew Ogletree,TE,IND,15.0,,,,,0.0,0.0,,6.0,74.0,0.7,,,,,,,,,,,,,,,,,,,
Ben Yurosek,TE,MIN,15.0,,,,,0.0,0.0,,11.0,43.0,0.5,,,,,,,,,,,,,,,,,,,
Charlie Woerner,TE,ATL,15.0,,,,,0.0,0.0,,6.0,84.0,0.5,,,,,,,,,,,,,,,,,,,
Justin Joly,TE,DEN,15.0,,,,,0.0,0.0,,7.0,68.0,0.5,,,,,,,,,,,,,,,,,,,
Eric Saubert,TE,SEA,15.0,,,,,0.0,0.0,,7.0,65.0,0.5,,,,,,,,,,,,,,,,,,,
Julian Hill,TE,NE,15.0,,,,,0.0,0.0,,6.0,65.0,0.5,,,,,,,,,,,,,,,,,,,
Davis Allen,TE,LA,15.0,,,,,0.0,0.0,,6.0,54.0,0.6,,,,,,,,,,,,,,,,,,,
Kylen Granson,TE,TEN,15.0,,,,,0.0,0.0,,7.0,55.0,0.5,,,,,,,,,,,,,,,,,,,
Luke Farrell,TE,SF,15.0,,,,,0.0,0.0,,6.0,64.0,0.5,,,,,,,,,,,,,,,,,,,
Jack Stoll,TE,CLV,15.0,,,,,0.0,0.0,,6.0,57.0,0.6,,,,,,,,,,,,,,,,,,,
Tanner Koziol,TE,JAX,15.0,,,,,0.0,0.0,,5.0,54.0,0.5,,,,,,,,,,,,,,,,,,,
Ian Thomas,TE,LV,14.0,,,,,0.0,0.0,,7.0,46.0,0.2,,,,,,,,,,,,,,,,,,,
Nate Adkins,TE,DEN,14.0,,,,,0.0,0.0,,5.0,45.0,0.5,,,,,,,,,,,,,,,,,,,
Foster Moreau,TE,HST,14.0,,,,,0.0,0.0,,5.0,42.0,0.3,,,,,,,,,,,,,,,,,,,
Payne Durham,TE,TB,15.0,,,,,0.0,0.0,,4.0,40.0,0.4,,,,,,,,,,,,,,,,,,,
Hunter Long,TE,JAX,14.0,,,,,0.0,0.0,,4.0,36.0,0.4,,,,,,,,,,,,,,,,,,,
Grant Calcaterra,TE,PHI,15.0,,,,,4.0,0.0,,3.0,35.0,0.3,,,,,,,,,,,,,,,,,,,
Will Mallory,TE,IND,7.0,,,,,0.0,0.0,,3.0,39.0,0.2,,,,,,,,,,,,,,,,,,,
Teagan Quitoriano,TE,ARZ,10.0,,,,,0.0,0.0,,3.0,33.0,0.3,,,,,,,,,,,,,,,,,,,
Jack Westover,TE,NE,15.0,,,,,0.0,0.0,,4.0,20.0,0.4,,,,,,,,,,,,,,,,,,,
Drake Dabney,TE,GB,7.0,,,,,2.0,0.0,,2.0,28.0,0.3,,,,,,,,,,,,,,,,,,,
Jared Wiley,TE,KC,10.0,,,,,0.0,0.0,,3.0,29.0,0.3,,,,,,,,,,,,,,,,,,,
Albert Okwuegbunam,TE,LV,5.0,,,,,0.0,0.0,,3.0,28.0,0.2,,,,,,,,,,,,,,,,,,,
Keleki Latu,TE,BUF,10.0,,,,,0.0,0.0,,2.0,23.0,0.2,,,,,,,,,,,,,,,,,,,
Colson Yankoff,TE,WAS,14.0,,,,,0.0,0.0,,2.0,19.0,0.2,,,,,,,,,,,,,,,,,,,
David Martin-Robinson,TE,TEN,15.0,,,,,0.0,0.0,,3.0,15.0,0.2,,,,,,,,,,,,,,,,,,,
Jelani Woods,TE,NYJ,10.0,,,,,0.0,0.0,,2.0,22.0,0.1,,,,,,,,,,,,,,,,,,,
Joshua Simon,TE,ATL,10.0,,,,,0.0,0.0,,1.0,27.0,0.2,,,,,,,,,,,,,,,,,,,
Thomas Fidone II,TE,NYG,5.0,,,,,0.0,0.0,,1.0,17.0,0.1,,,,,,,,,,,,,,,,,,,
Quintin Morris,TE,JAX,5.0,,,,,0.0,0.0,,1.0,12.0,0.2,,,,,,,,,,,,,,,,,,,
Chris Manhertz,TE,NYG,15.0,,,,,0.0,0.0,,1.0,11.0,0.1,,,,,,,,,,,,,,,,,,,
Gavin Bartholomew,TE,MIN,10.0,,,,,0.0,0.0,,1.0,13.0,0.1,,,,,,,,,,,,,,,,,,,
Cameron Latu,TE,PHI,15.0,,,,,4.0,0.0,,1.0,8.0,0.1,,,,,,,,,,,,,,,,,,,
Messiah Swinson,TE,GB,7.0,,,,,0.0,0.0,,1.0,12.0,0.1,,,,,,,,,,,,,,,,,,,
Devin Culp,TE,TB,7.0,,,,,0.0,0.0,,1.0,13.0,0.1,,,,,,,,,,,,,,,,,,,
Jake Briningstool,TE,KC,5.0,,,,,0.0,0.0,,1.0,9.0,0.1,,,,,,,,,,,,,,,,,,,
Stephen Carlson,TE,CHI,10.0,,,,,0.0,0.0,,1.0,12.0,0.1,,,,,,,,,,,,,,,,,,,
CJ Dippre,TE,NE,5.0,,,,,0.0,0.0,,1.0,9.0,0.1,,,,,,,,,,,,,,,,,,,
Cam Grandy,TE,CIN,5.0,,,,,0.0,0.0,,1.0,9.0,0.1,,,,,,,,,,,,,,,,,,,
Brayden Willis,TE,SF,5.0,,,,,0.0,0.0,,1.0,8.0,0.1,,,,,,,,,,,,,,,,,,,
Zaire Mitchell-Paden,TE,NO,7.0,,,,,0.0,0.0,,1.0,6.0,0.1,,,,,,,,,,,,,,,,,,,
Nick Kallerup,TE,SEA,10.0,,,,,0.0,0.0,,1.0,7.0,0.1,,,,,,,,,,,,,,,,,,,
Hayden Rucci,TE,SF,5.0,,,,,0.0,0.0,,0.0,2.0,0.0,,,,,,,,,,,,,,,,,,,
Ko Kieft,TE,TB,7.0,,,,,0.0,0.0,,0.0,2.0,0.0,,,,,,,,,,,,,,,,,,,
Lawrence Cager,TE,WAS,0.0,,,,,0.0,0.0,,0.0,0.0,0.0,,,,,,,,,,,,,,,,,,,
Moliki Matavao,TE,NO,0.0,,,,,0.0,0.0,,0.0,0.0,0.0,,,,,,,,,,,,,,,,,,,
Brevin Jordan,TE,HST,10.0,,,,,0.0,0.0,,0.0,0.0,0.0,,,,,,,,,,,,,,,,,,,
Feleipe Franks,TE,CAR,0.0,,,,,0.0,0.0,,0.0,0.0,0.0,,,,,,,,,,,,,,,,,,,
Rivaldo Fairweather,TE,ARZ,0.0,,,,,0.0,0.0,,0.0,0.0,0.0,,,,,,,,,,,,,,,,,,,
Bauer Sharp,TE,TB,0.0,,,,,0.0,0.0,,0.0,0.0,0.0,,,,,,,,,,,,,,,,,,,
Lucas Krull,TE,DEN,0.0,,,,,0.0,0.0,,0.0,0.0,0.0,,,,,,,,,,,,,,,,,,,
Brandon Aubrey,K,DAL,17.0,,,,,,,,,,,,,,,31.0,43.9,1.8,,,,,,,,,,,,
Jake Bates,K,DET,17.0,,,,,,,,,,,,,,,29.3,47.7,2.0,,,,,,,,,,,,
Harrison Mevis,K,LA,17.0,,,,,,,,,,,,,,,28.6,47.2,1.5,,,,,,,,,,,,
Cairo Santos,K,CHI,17.0,,,,,,,,,,,,,,,30.7,39.0,1.8,,,,,,,,,,,,
Jason Myers,K,SEA,17.0,,,,,,,,,,,,,,,30.7,38.5,1.5,,,,,,,,,,,,
Eddy Pineiro,K,SF,17.0,,,,,,,,,,,,,,,29.6,41.8,2.3,,,,,,,,,,,,
Tyler Bass,K,BUF,17.0,,,,,,,,,,,,,,,28.0,46.7,2.2,,,,,,,,,,,,
Ka'imi Fairbairn,K,HST,17.0,,,,,,,,,,,,,,,31.7,35.4,1.6,,,,,,,,,,,,
Cameron Dicker,K,LAC,17.0,,,,,,,,,,,,,,,30.7,38.2,1.6,,,,,,,,,,,,
Spencer Shrader,K,IND,17.0,,,,,,,,,,,,,,,29.4,41.9,1.3,,,,,,,,,,,,
Tyler Loop,K,BLT,17.0,,,,,,,,,,,,,,,29.3,42.0,1.8,,,,,,,,,,,,
Harrison Butker,K,KC,17.0,,,,,,,,,,,,,,,30.1,39.2,1.6,,,,,,,,,,,,
Cam Little,K,JAX,17.0,,,,,,,,,,,,,,,29.0,41.8,1.4,,,,,,,,,,,,
Trey Smack,K,GB,17.0,,,,,,,,,,,,,,,28.9,41.1,1.9,,,,,,,,,,,,
Chase McLaughlin,K,TB,17.0,,,,,,,,,,,,,,,30.0,37.6,1.4,,,,,,,,,,,,
Jake Elliott,K,PHI,17.0,,,,,,,,,,,,,,,28.5,42.0,1.6,,,,,,,,,,,,
Nick Folk,K,ATL,17.0,,,,,,,,,,,,,,,30.9,34.4,1.7,,,,,,,,,,,,
Evan McPherson,K,CIN,17.0,,,,,,,,,,,,,,,27.9,43.3,1.8,,,,,,,,,,,,
Wil Lutz,K,DEN,17.0,,,,,,,,,,,,,,,29.4,37.3,1.3,,,,,,,,,,,,
Will Reichard,K,MIN,17.0,,,,,,,,,,,,,,,29.7,35.6,1.1,,,,,,,,,,,,
Charlie Smyth,K,NO,17.0,,,,,,,,,,,,,,,30.5,33.1,1.2,,,,,,,,,,,,
Andy Borregales,K,NE,17.0,,,,,,,,,,,,,,,27.9,40.0,1.6,,,,,,,,,,,,
Drew Stevens,K,WAS,17.0,,,,,,,,,,,,,,,28.6,35.0,1.6,,,,,,,,,,,,
Chris Boswell,K,PIT,17.0,,,,,,,,,,,,,,,28.4,35.1,1.3,,,,,,,,,,,,
Chad Ryland,K,ARZ,17.0,,,,,,,,,,,,,,,28.3,35.3,1.3,,,,,,,,,,,,
Dominic Zvada,K,NYG,17.0,,,,,,,,,,,,,,,27.4,35.7,1.7,,,,,,,,,,,,
Matt Gay,K,LV,17.0,,,,,,,,,,,,,,,27.7,34.7,1.2,,,,,,,,,,,,
Joey Slye,K,TEN,17.0,,,,,,,,,,,,,,,29.3,29.2,1.7,,,,,,,,,,,,
Cade York,K,NYJ,17.0,,,,,,,,,,,,,,,27.6,32.1,0.2,,,,,,,,,,,,
Riley Patterson,K,MIA,17.0,,,,,,,,,,,,,,,27.8,30.5,1.2,,,,,,,,,,,,
Ryan Fitzgerald,K,CAR,17.0,,,,,,,,,,,,,,,27.1,30.9,2.1,,,,,,,,,,,,
Andre Szmyt,K,CLV,17.0,,,,,,,,,,,,,,,27.3,29.1,1.3,,,,,,,,,,,,
Houston,DST,HST,17.0,,,,,,,,,,,,,,,,,,0.0,,45.0,14.4,8.9,1.9,,,,,,
L.A. Rams,DST,LA,17.0,,,,,,,,,,,,,,,,,,0.0,,45.3,14.3,8.7,1.9,,,,,,
Seattle,DST,SEA,17.0,,,,,,,,,,,,,,,,,,0.0,,45.6,13.4,8.9,1.8,,,,,,
Denver,DST,DEN,17.0,,,,,,,,,,,,,,,,,,0.0,,45.6,13.2,8.8,1.8,,,,,,
Philadelphia,DST,PHI,17.0,,,,,,,,,,,,,,,,,,0.0,,44.6,13.5,8.8,1.8,,,,,,
Jacksonville,DST,JAX,17.0,,,,,,,,,,,,,,,,,,0.0,,44.9,13.4,8.7,1.8,,,,,,
Minnesota,DST,MIN,17.0,,,,,,,,,,,,,,,,,,0.0,,42.4,13.5,8.7,1.8,,,,,,
New England,DST,NE,17.0,,,,,,,,,,,,,,,,,,0.0,,43.2,12.9,8.8,1.8,,,,,,
Kansas City,DST,KC,17.0,,,,,,,,,,,,,,,,,,0.0,,42.2,13.3,8.8,1.8,,,,,,
Green Bay,DST,GB,17.0,,,,,,,,,,,,,,,,,,0.0,,43.1,12.7,8.6,1.7,,,,,,
L.A. Chargers,DST,LAC,17.0,,,,,,,,,,,,,,,,,,0.0,,42.2,12.9,8.7,1.8,,,,,,
Pittsburgh,DST,PIT,17.0,,,,,,,,,,,,,,,,,,0.0,,41.7,13.1,8.5,1.8,,,,,,
New Orleans,DST,NO,17.0,,,,,,,,,,,,,,,,,,0.0,,41.5,13.2,8.5,1.8,,,,,,
Baltimore,DST,BLT,17.0,,,,,,,,,,,,,,,,,,0.0,,41.3,13.0,8.5,1.7,,,,,,
Buffalo,DST,BUF,17.0,,,,,,,,,,,,,,,,,,0.0,,42.6,12.2,8.6,1.7,,,,,,
Carolina,DST,CAR,17.0,,,,,,,,,,,,,,,,,,0.0,,41.1,12.8,8.5,1.7,,,,,,
Indianapolis,DST,IND,17.0,,,,,,,,,,,,,,,,,,0.0,,42.2,12.3,8.4,1.7,,,,,,
San Francisco,DST,SF,17.0,,,,,,,,,,,,,,,,,,0.0,,41.2,12.5,8.6,1.7,,,,,,
Atlanta,DST,ATL,17.0,,,,,,,,,,,,,,,,,,0.0,,41.3,12.3,8.5,1.7,,,,,,
Detroit,DST,DET,17.0,,,,,,,,,,,,,,,,,,0.0,,40.4,12.1,8.4,1.7,,,,,,
Tampa Bay,DST,TB,17.0,,,,,,,,,,,,,,,,,,0.0,,39.5,12.2,8.4,1.7,,,,,,
N.Y. Giants,DST,NYG,17.0,,,,,,,,,,,,,,,,,,0.0,,39.1,12.1,8.3,1.7,,,,,,
Chicago,DST,CHI,17.0,,,,,,,,,,,,,,,,,,0.0,,38.0,12.3,8.4,1.7,,,,,,
Washington,DST,WAS,17.0,,,,,,,,,,,,,,,,,,0.0,,38.7,11.9,8.3,1.6,,,,,,
Las Vegas,DST,LV,17.0,,,,,,,,,,,,,,,,,,0.0,,38.3,11.6,8.3,1.6,,,,,,
Miami,DST,MIA,17.0,,,,,,,,,,,,,,,,,,0.0,,38.4,11.4,8.4,1.6,,,,,,
Cleveland,DST,CLV,17.0,,,,,,,,,,,,,,,,,,0.0,,37.7,11.2,8.5,1.6,,,,,,
Tennessee,DST,TEN,17.0,,,,,,,,,,,,,,,,,,0.0,,37.5,11.3,8.2,1.6,,,,,,
Dallas,DST,DAL,17.0,,,,,,,,,,,,,,,,,,0.0,,37.1,11.2,8.0,1.6,,,,,,
Cincinnati,DST,CIN,17.0,,,,,,,,,,,,,,,,,,0.0,,36.5,11.2,8.1,1.6,,,,,,
Arizona,DST,ARZ,17.0,,,,,,,,,,,,,,,,,,0.0,,35.8,10.8,8.1,1.5,,,,,,
N.Y. Jets,DST,NYJ,17.0,,,,,,,,,,,,,,,,,,0.0,,35.2,10.4,8.1,1.5,,,,,,
