name,position,nfl_team,adp,times_drafted,trials,drafted_pct
Jahmyr Gibbs,RB,DET,1.9,100,100,100.0
Josh Allen,QB,BUF,2.2,100,100,100.0
Bijan Robinson,RB,ATL,4.1,100,100,100.0
Joe Burrow,QB,CIN,4.5,100,100,100.0
Jonathan Taylor,RB,IND,5.9,100,100,100.0
Matthew Stafford,QB,LAR,6.8,100,100,100.0
Christian McCaffrey,RB,SF,7.8,100,100,100.0
Dak Prescott,QB,DAL,9.4,100,100,100.0
Amon-Ra St. Brown,WR,DET,9.5,100,100,100.0
Derrick Henry,RB,BAL,9.7,100,100,100.0
Saquon Barkley,RB,PHI,11.9,100,100,100.0
Jared Goff,QB,DET,12.3,100,100,100.0
Jaxon Smith-Njigba,WR,SEA,14.1,100,100,100.0
Kenneth Walker III,RB,KC,14.6,100,100,100.0
Lamar Jackson,QB,BAL,15.9,100,100,100.0
James Cook,RB,BUF,17.3,100,100,100.0
Ja'Marr Chase,WR,CIN,17.6,100,100,100.0
Caleb Williams,QB,CHI,19.2,100,100,100.0
Chase Brown,RB,CIN,19.6,100,100,100.0
Puka Nacua,WR,LAR,21.5,100,100,100.0
Jalen Hurts,QB,PHI,22.4,100,100,100.0
De'Von Achane,RB,MIA,22.6,100,100,100.0
Bucky Irving,RB,TB,25.0,100,100,100.0
Drake London,WR,ATL,25.4,100,100,100.0
Patrick Mahomes,QB,KC,26.1,100,100,100.0
Trey McBride,TE,ARI,27.0,100,100,100.0
Breece Hall,RB,NYJ,27.9,100,100,100.0
Davante Adams,WR,LAR,29.4,100,100,100.0
Justin Herbert,QB,LAC,29.6,100,100,100.0
Jeremiyah Love,RB,ARI,30.5,100,100,100.0
Drake Maye,QB,NE,32.7,100,100,100.0
Tee Higgins,WR,CIN,33.3,100,100,100.0
Kyren Williams,RB,LAR,33.4,100,100,100.0
Omarion Hampton,RB,LAC,36.0,100,100,100.0
Trevor Lawrence,QB,JAC,36.3,100,100,100.0
CeeDee Lamb,WR,DAL,37.2,100,100,100.0
Josh Jacobs,RB,GB,38.6,100,100,100.0
Jayden Daniels,QB,WAS,39.9,100,100,100.0
Justin Jefferson,WR,MIN,40.9,100,100,100.0
Javonte Williams,RB,DAL,41.4,100,100,100.0
Jaxson Dart,QB,NYG,42.8,100,100,100.0
Colston Loveland,TE,CHI,43.1,100,100,100.0
Mike Evans,WR,SF,44.3,100,100,100.0
Cam Skattebo,RB,NYG,44.7,100,100,100.0
Baker Mayfield,QB,TB,45.8,100,100,100.0
Ashton Jeanty,RB,LV,47.4,100,100,100.0
Nico Collins,WR,HOU,48.0,100,100,100.0
Tyler Shough,QB,NO,49.0,100,100,100.0
D'Andre Swift,RB,CHI,50.7,100,100,100.0
Emeka Egbuka,WR,TB,51.4,100,100,100.0
Brock Purdy,QB,SF,53.1,100,100,100.0
Tyler Warren,TE,IND,53.4,100,100,100.0
Bhayshul Tuten,RB,JAC,53.7,100,100,100.0
DJ Moore,WR,BUF,54.7,100,100,100.0
Jordan Love,QB,GB,56.8,100,100,100.0
Travis Etienne,RB,NO,57.5,100,100,100.0
Zay Flowers,WR,BAL,58.2,100,100,100.0
Jaylen Warren,RB,PIT,60.3,100,100,100.0
Sam Darnold,QB,SEA,60.6,100,100,100.0
Kyle Pitts,TE,ATL,61.3,100,100,100.0
Ladd McConkey,WR,LAC,61.5,100,100,100.0
Quinshon Judkins,RB,CLE,63.3,100,100,100.0
Malik Nabers,WR,NYG,64.3,100,100,100.0
Daniel Jones,QB,IND,64.5,100,100,100.0
David Montgomery,RB,HOU,66.3,100,100,100.0
Tetairoa McMillan,WR,CAR,67.7,100,100,100.0
Harold Fannin Jr.,TE,CLE,69.3,100,100,100.0
Kenneth Gainwell,RB,TB,69.3,100,100,100.0
C.J. Stroud,QB,HOU,69.9,100,100,100.0
Jaylen Waddle,WR,DEN,70.2,100,100,100.0
Tony Pollard,RB,TEN,72.2,100,100,100.0
Rashee Rice,WR,KC,73.1,100,100,100.0
Jadarian Price,RB,SEA,75.1,100,100,100.0
Luther Burden III,WR,CHI,75.7,100,100,100.0
Brock Bowers,TE,LV,75.8,100,100,100.0
Bo Nix,QB,DEN,77.5,100,100,100.0
TreVeyon Henderson,RB,NE,77.6,100,100,100.0
Chris Olave,WR,NO,78.1,100,100,100.0
Rhamondre Stevenson,RB,NE,80.2,100,100,100.0
A.J. Brown,WR,NE,80.8,100,100,100.0
Rachaad White,RB,WAS,82.9,100,100,100.0
Jake Ferguson,TE,DAL,83.1,100,100,100.0
Michael Pittman,WR,PIT,83.4,100,100,100.0
George Pickens,WR,DAL,86.0,100,100,100.0
Chuba Hubbard,RB,CAR,86.3,100,100,100.0
Malik Willis,QB,MIA,86.5,100,100,100.0
Chris Godwin,WR,TB,88.8,100,100,100.0
Travis Kelce,TE,KC,89.7,100,100,100.0
RJ Harvey,RB,DEN,89.8,100,100,100.0
Terry McLaurin,WR,WAS,91.8,100,100,100.0
Kyler Murray,QB,MIN,93.0,99,100,99.0
Kenny Gainwell,RB,TB,93.3,100,100,100.0
Jameson Williams,WR,DET,94.4,100,100,100.0
J.K. Dobbins,RB,DEN,96.9,100,100,100.0
Rome Odunze,WR,CHI,97.1,100,100,100.0
George Kittle,TE,SF,97.4,100,100,100.0
Aaron Rodgers,QB,PIT,99.4,97,100,97.0
Stefon Diggs,WR,WAS,99.7,100,100,100.0
Jacory Croskey-Merritt,RB,WAS,99.7,100,100,100.0
Josh Downs,WR,IND,102.5,100,100,100.0
Jonathon Brooks,RB,CAR,102.8,100,100,100.0
Garrett Wilson,WR,NYJ,105.0,100,100,100.0
Sam LaPorta,TE,DET,106.1,100,100,100.0
Blake Corum,RB,LAR,106.4,100,100,100.0
Cam Ward,QB,TEN,107.1,96,100,96.0
Courtland Sutton,WR,DEN,107.8,100,100,100.0
DK Metcalf,WR,PIT,110.1,100,100,100.0
Aaron Jones,RB,MIN,110.2,100,100,100.0
DeVonta Smith,WR,PHI,112.3,100,100,100.0
Kyle Monangai,RB,CHI,113.0,100,100,100.0
Dallas Goedert,TE,PHI,113.8,99,100,99.0
Jacoby Brissett,QB,ARI,113.9,92,100,92.0
Christian Watson,WR,GB,114.8,100,100,100.0
Houston,DST,Houston,115.8,100,100,100.0
Christopher Brooks,RB,GB,116.5,100,100,100.0
Parker Washington,WR,JAC,117.2,100,100,100.0
Brian Thomas Jr.,WR,JAC,119.8,100,100,100.0
Chris Rodriguez Jr.,RB,JAC,120.3,100,100,100.0
Mark Andrews,TE,BAL,121.7,99,100,99.0
Geno Smith,QB,NYJ,122.1,88,100,88.0
Marvin Harrison Jr.,WR,ARI,122.7,100,100,100.0
Jordan Mason,RB,MIN,124.4,100,100,100.0
Bub Means,WR,NO,125.6,100,100,100.0
Brandon Aubrey,K,DAL,127.3,100,100,100.0
Tucker Kraft,TE,GB,127.3,97,100,97.0
Tyler Allgeier,RB,ARI,127.8,100,100,100.0
Wan'Dale Robinson,WR,TEN,128.2,100,100,100.0
Bryce Young,QB,CAR,129.4,85,100,85.0
Deshaun Watson,QB,CLE,131.0,77,100,77.0
Isiah Pacheco,RB,DET,131.2,100,100,100.0
Rashod Bateman,WR,BAL,131.4,100,100,100.0
Denver,DST,Denver,133.2,100,100,100.0
Quentin Johnston,WR,LAC,134.3,100,100,100.0
Pat Freiermuth,TE,PIT,135.7,96,100,96.0
Brian Robinson,RB,ATL,135.7,100,100,100.0
Matthew Golden,WR,GB,137.6,100,100,100.0
Mike Washington Jr.,RB,LV,140.2,100,100,100.0
Fernando Mendoza,QB,LV,142.0,71,100,71.0
Jauan Jennings,WR,MIN,142.1,100,100,100.0
Chigoziem Okonkwo,TE,WAS,143.2,92,100,92.0
Jason Myers,K,SEA,143.5,100,100,100.0
Minnesota,DST,Minnesota,144.8,100,100,100.0
Tyjae Spears,RB,TEN,145.0,100,100,100.0
Jordan Addison,WR,MIN,146.5,100,100,100.0
Tua Tagovailoa,QB,ATL,147.4,62,100,62.0
Hunter Henry,TE,NE,147.9,88,100,88.0
Rico Dowdle,RB,PIT,148.9,100,100,100.0
Shane Buechele,QB,BUF,149.5,53,100,53.0
Alec Pierce,WR,IND,150.4,100,100,100.0
Seattle,DST,Seattle,151.6,100,100,100.0
Woody Marks,RB,HOU,152.3,98,100,98.0
Ka'imi Fairbairn,K,HOU,153.3,100,100,100.0
Ja'Kobi Lane,WR,BAL,154.2,100,100,100.0
Adrian Martinez,QB,SF,154.2,45,100,45.0
Justice Hill,RB,BAL,156.5,97,100,97.0
L.A. Chargers,DST,L.A. Chargers,156.9,100,100,100.0
Dalton Kincaid,TE,BUF,156.9,86,100,86.0
Kayshon Boutte,WR,HST,157.9,100,100,100.0
Cade Klubnik,QB,NYJ,158.0,3,100,3.0
Cameron Dicker,K,LAC,159.9,100,100,100.0
L.A. Rams,DST,L.A. Rams,161.3,100,100,100.0
Isaiah Likely,TE,NYG,161.3,79,100,79.0
Drew Allar,QB,PIT,161.5,6,100,6.0
Kaelon Black,RB,SF,161.7,95,100,95.0
Romeo Doubs,WR,NE,162.2,100,100,100.0
Will Levis,QB,TEN,163.4,41,100,41.0
Blake Grupe,K,IND,163.6,100,100,100.0
Buffalo,DST,Buffalo,164.0,100,100,100.0
Behren Morton,QB,NE,166.1,33,100,33.0
Tank Bigsby,RB,PHI,166.2,94,100,94.0
Philadelphia,DST,Philadelphia,166.6,100,100,100.0
Jake Bates,K,DET,166.7,100,100,100.0
Garrett Nussmeier,QB,KC,166.7,10,100,10.0
Jalen Nailor,WR,LV,167.8,100,100,100.0
Chase McLaughlin,K,TB,169.2,100,100,100.0
New Orleans,DST,New Orleans,169.6,100,100,100.0
Brenton Strange,TE,JAC,170.2,75,100,75.0
Chris Oladokun,QB,KC,171.0,5,100,5.0
Cairo Santos,K,CHI,171.7,100,100,100.0
Jayden Reed,WR,GB,171.7,99,100,99.0
Samaje Perine,RB,CIN,172.2,93,100,93.0
Atlanta,DST,Atlanta,172.6,100,100,100.0
Mitch Trubisky,QB,TEN,172.7,26,100,26.0
Cole Payton,QB,PHI,173.7,19,100,19.0
Harrison Butker,K,KC,174.3,100,100,100.0
Keaton Mitchell,RB,LAC,174.7,86,100,86.0
Jacksonville,DST,Jacksonville,175.3,99,100,99.0
Desmond Ridder,QB,GB,175.7,14,100,14.0
Harrison Mevis,K,LAR,176.3,100,100,100.0
Xavier Worthy,WR,KC,176.4,99,100,99.0
Colby Parkinson,TE,LAR,177.7,65,100,65.0
Dylan Sampson,RB,CLE,177.9,81,100,81.0
Baltimore,DST,Baltimore,178.3,99,100,99.0
Eddy Pineiro,K,SF,178.5,100,100,100.0
Joe Flacco,QB,CIN,179.3,3,100,3.0
Will Reichard,K,MIN,180.1,99,100,99.0
New England,DST,New England,180.8,97,100,97.0
Braelon Allen,RB,NYJ,181.1,74,100,74.0
Michael Wilson,WR,ARI,181.9,98,100,98.0
Wil Lutz,K,DEN,182.2,99,100,99.0
Cleveland,DST,Cleveland,182.8,91,100,91.0
Tyler Loop,K,BAL,183.4,95,100,95.0
T.J. Hockenson,TE,MIN,184.0,55,100,55.0
Spencer Shrader,K,IND,184.9,93,100,93.0
De'Zhaun Stribling,WR,SF,186.1,97,100,97.0
Chicago,DST,Chicago,186.2,90,100,90.0
Aidan O'Connell,QB,LV,186.7,3,100,3.0
Cam Little,K,JAC,187.0,93,100,93.0
Tyrone Tracy Jr.,RB,NYG,187.4,73,100,73.0
Cincinnati,DST,Cincinnati,187.8,85,100,85.0
Cade Otton,TE,TB,187.8,27,100,27.0
Juwan Johnson,TE,NO,187.9,16,100,16.0
Nick Folk,K,ATL,188.3,86,100,86.0
Evan McPherson,K,CIN,189.5,81,100,81.0
Dalton Schultz,TE,HOU,190.2,43,100,43.0
Tampa Bay,DST,Tampa Bay,190.3,83,100,83.0
Zach Charbonnet,RB,SEA,190.4,68,100,68.0
Trey Smack,K,GB,190.7,73,100,73.0
Calvin Ridley,WR,TEN,191.6,97,100,97.0
Tyler Bass,K,BUF,191.7,64,100,64.0
Green Bay,DST,Green Bay,192.4,75,100,75.0
Riley Patterson,K,MIA,193.0,1,100,1.0
Jason Sanders,K,NYJ,193.3,24,100,24.0
Charlie Smyth,K,NO,193.4,56,100,56.0
Andy Borregales,K,NE,193.7,40,100,40.0
Andres Borregales,K,NE,193.7,18,100,18.0
Matt Gay,K,LV,194.0,1,100,1.0
Indianapolis,DST,Indianapolis,194.1,68,100,68.0
Ty Johnson,RB,BUF,194.1,62,100,62.0
Jake Elliott,K,PHI,194.5,14,100,14.0
Drew Stevens,K,WAS,194.7,9,100,9.0
Chris Boswell,K,PIT,194.8,6,100,6.0
Chad Ryland,K,ARI,195.0,4,100,4.0
Joey Slye,K,TEN,195.0,3,100,3.0
Omar Cooper Jr.,WR,NYJ,195.3,95,100,95.0
Kansas City,DST,Kansas City,195.6,61,100,61.0
San Francisco,DST,San Francisco,196.2,4,100,4.0
Arizona,DST,Arizona,196.3,3,100,3.0
Tennessee,DST,Tennessee,196.4,51,100,51.0
Mason Taylor,TE,NYJ,196.8,5,100,5.0
Mike Gesicki,TE,CIN,197.1,14,100,14.0
Carolina,DST,Carolina,197.6,13,100,13.0
Las Vegas,DST,Las Vegas,197.9,8,100,8.0
Adonai Mitchell,WR,NYJ,197.9,92,100,92.0
Pittsburgh,DST,Pittsburgh,198.0,2,100,2.0
Detroit,DST,Detroit,198.0,1,100,1.0
N.Y. Giants,DST,N.Y. Giants,198.3,40,100,40.0
Miami,DST,Miami,198.5,26,100,26.0
Alvin Kamara,RB,NO,198.6,56,100,56.0
Ryan Fitzgerald,K,CAR,199.0,1,100,1.0
Jerome Ford,RB,WAS,199.0,45,100,45.0
Carlos Washington Jr.,RB,MIA,199.7,26,100,26.0
Gunnar Helm,TE,TEN,200.4,11,100,11.0
Deebo Samuel,WR,SF,200.5,88,100,88.0
N.Y. Jets,DST,N.Y. Jets,201.0,3,100,3.0
Jaylen Wright,RB,MIA,202.6,39,100,39.0
Khalil Shakir,WR,BUF,202.8,86,100,86.0
Elijah Mitchell,RB,PHI,202.8,24,100,24.0
Oronde Gadsden II,TE,LAC,203.0,2,100,2.0
Dillon Gabriel,QB,CLV,203.5,2,100,2.0
Caleb Douglas,WR,MIA,204.5,81,100,81.0
Trayveon Williams,RB,DET,205.0,21,100,21.0
Deuce Vaughn,RB,DEN,206.1,16,100,16.0
Tre Tucker,WR,LV,206.5,74,100,74.0
Austin Ekeler,RB,WAS,207.2,13,100,13.0
Stetson Bennett,QB,LA,208.0,2,100,2.0
Emanuel Wilson,RB,SEA,209.0,1,100,1.0
Jalen McMillan,WR,TB,209.1,73,100,73.0
Jordan James,RB,SF,209.1,9,100,9.0
Jonah Coleman,RB,DEN,209.4,5,100,5.0
Jaydon Blue,RB,DAL,209.6,7,100,7.0
Keenan Allen,WR,IND,211.0,67,100,67.0
Jakobi Meyers,WR,JAC,211.5,57,100,57.0
Troy Franklin,WR,DEN,212.4,41,100,41.0
Elic Ayomanor,WR,TEN,212.6,52,100,52.0
Ameer Abdullah,RB,JAX,213.0,4,100,4.0
Ben VanSumeren,RB,BUF,213.0,3,100,3.0
Makai Lemon,WR,PHI,213.1,35,100,35.0
Michael Penix Jr.,QB,ATL,213.5,2,100,2.0
David Njoku,TE,LAC,214.0,2,100,2.0
Tyquan Thornton,WR,KC,214.4,9,100,9.0
Devaughn Vele,WR,NO,214.6,30,100,30.0
Rashid Shaheed,WR,SEA,214.6,17,100,17.0
Malik Washington,WR,MIA,215.0,6,100,6.0
Denzel Boston,WR,CLE,215.2,8,100,8.0
Cooper Kupp,WR,SEA,215.3,26,100,26.0
KC Concepcion,WR,CLE,215.7,15,100,15.0
Jerry Jeudy,WR,CLE,215.8,5,100,5.0
Kenyon Sadiq,TE,NYJ,216.5,2,100,2.0
Jalen Coker,WR,CAR,216.7,3,100,3.0
Andrei Iosivas,WR,CIN,216.8,5,100,5.0
Jawhar Jordan,RB,HOU,217.0,1,100,1.0
Kirk Cousins,QB,LV,217.0,1,100,1.0
Germie Bernard,WR,PIT,217.7,3,100,3.0
Olamide Zaccheaus,WR,ATL,219.0,3,100,3.0
Xavier Hutchinson,WR,HOU,220.0,1,100,1.0
Terrance Ferguson,TE,LAR,,0,100,0.0
Michael Mayer,TE,LV,,0,100,0.0
Cade York,K,NYJ,,0,100,0.0
Dawson Knox,TE,BUF,,0,100,0.0
AJ Barner,TE,SEA,,0,100,0.0
Charlie Kolar,TE,LAC,,0,100,0.0
Evan Engram,TE,DEN,,0,100,0.0
Andre Szmyt,K,CLE,,0,100,0.0
Ben Sauls,K,NYG,,0,100,0.0
Chig Okonkwo,TE,WAS,,0,100,0.0
Darnell Washington,TE,PIT,,0,100,0.0
Theo Johnson,TE,NYG,,0,100,0.0
Greg Dulcich,TE,MIA,,0,100,0.0
Tyler Higbee,TE,LAR,,0,100,0.0
Darren Waller,TE,CAR,,0,100,0.0
Jonnu Smith,TE,FA,,0,100,0.0
Washington,DST,Washington,,0,100,0.0
Dallas,DST,Dallas,,0,100,0.0
Nick Vannett,TE,SEA,,0,100,0.0
Cole Kmet,TE,CHI,,0,100,0.0
Josh Oliver,TE,MIN,,0,100,0.0
Ryan Flournoy,WR,DAL,,0,100,0.0
Dominic Zvada,K,NYG,,0,100,0.0
Dontayvion Wicks,WR,PHI,,0,100,0.0
Bauer Sharp,TE,TB,,0,100,0.0
Rivaldo Fairweather,TE,ARZ,,0,100,0.0
Moliki Matavao,TE,NO,,0,100,0.0
Feleipe Franks,TE,CAR,,0,100,0.0
Lawrence Cager,TE,WAS,,0,100,0.0
Lucas Krull,TE,DEN,,0,100,0.0
Isaac TeSlaa,WR,DET,,0,100,0.0
Austin Hooper,TE,ATL,,0,100,0.0
Noah Fant,TE,NO,,0,100,0.0
Noah Gray,TE,KC,,0,100,0.0
Brock Wright,TE,DET,,0,100,0.0
Christian Kirk,WR,SF,,0,100,0.0
Chris Bell,WR,MIA,,0,100,0.0
Calvin Austin III,WR,NYG,,0,100,0.0
Daniel Bellinger,TE,TEN,,0,100,0.0
Will Kacmarek,TE,MIA,,0,100,0.0
Jake Tonges,TE,SF,,0,100,0.0
Davis Allen,TE,LA,,0,100,0.0
Elijah Arroyo,TE,SEA,,0,100,0.0
Eli Raridon,TE,NE,,0,100,0.0
Ben Sinnott,TE,WAS,,0,100,0.0
Adam Trautman,TE,DEN,,0,100,0.0
Ted Hurst,WR,TB,,0,100,0.0
Eli Stowers,TE,PHI,,0,100,0.0
John Bates,TE,WAS,,0,100,0.0
Nate Boerkircher,TE,JAC,,0,100,0.0
Tommy Tremble,TE,CAR,,0,100,0.0
Mitchell Evans,TE,CAR,,0,100,0.0
Marlin Klein,TE,HOU,,0,100,0.0
Jeremy Ruckert,TE,NYJ,,0,100,0.0
Ben Sims,TE,MIA,,0,100,0.0
Grant Calcaterra,TE,PHI,,0,100,0.0
Tory Horton,WR,SEA,,0,100,0.0
Malik Benson,WR,LV,,0,100,0.0
Cade Stover,TE,HOU,,0,100,0.0
Ja'Tavion Sanders,TE,CAR,,0,100,0.0
Tank Dell,WR,HOU,,0,100,0.0
KaVontae Turpin,WR,DAL,,0,100,0.0
Darius Slayton,WR,NYG,,0,100,0.0
Ashton Dulin,WR,IND,,0,100,0.0
Charlie Woerner,TE,ATL,,0,100,0.0
Carnell Tate,WR,TEN,,0,100,0.0
Marvin Mims Jr.,WR,DEN,,0,100,0.0
Marquise Brown,WR,PHI,,0,100,0.0
Pat Bryant,WR,DEN,,0,100,0.0
Xavier Legette,WR,CAR,,0,100,0.0
Nate Adkins,TE,DEN,,0,100,0.0
Antonio Williams,WR,WAS,,0,100,0.0
Jackson Hawes,TE,BUF,,0,100,0.0
Jahan Dotson,WR,ATL,,0,100,0.0
Hunter Long,TE,JAC,,0,100,0.0
Foster Moreau,TE,HOU,,0,100,0.0
Emmett Johnson,RB,KC,,0,100,0.0
Seth McGowan,RB,IND,,0,100,0.0
Brashard Smith,RB,KC,,0,100,0.0
Demond Claiborne,RB,MIN,,0,100,0.0
Kyle Juszczyk,RB,SF,,0,100,0.0
Kaytron Allen,RB,WAS,,0,100,0.0
LeQuint Allen,RB,JAC,,0,100,0.0
Jaylin Noel,WR,HOU,,0,100,0.0
Najee Harris,RB,NYG,,0,100,0.0
Michael Burton,RB,CLE,,0,100,0.0
Adam Randall,RB,BAL,,0,100,0.0
Andrew Beck,RB,NYJ,,0,100,0.0
Chimere Dike,WR,TEN,,0,100,0.0
Ricky White III,WR,SEA,,0,100,0.0
Garrett Greene,WR,TB,,0,100,0.0
Isaiah Hodgins,WR,NYG,,0,100,0.0
Dayton Wade,WR,BLT,,0,100,0.0
Tyler Scott,WR,LA,,0,100,0.0
Kevin Austin Jr.,WR,NO,,0,100,0.0
Jared Wayne,WR,HST,,0,100,0.0
Jordan Watkins,WR,SF,,0,100,0.0
Michael Bandy,WR,DEN,,0,100,0.0
Tanner Hudson,TE,CIN,,0,100,0.0
Josh Whyle,TE,GB,,0,100,0.0
Oscar Delp,TE,NO,,0,100,0.0
Kimani Vidal,RB,LAC,,0,100,0.0
Joe Royer,TE,CLV,,0,100,0.0
Cyrus Allen,WR,KC,,0,100,0.0
Keon Coleman,WR,BUF,,0,100,0.0
Drew Sample,TE,CIN,,0,100,0.0
Mo Alie-Cox,TE,IND,,0,100,0.0
Luke Schoonmaker,TE,DAL,,0,100,0.0
Max Klare,TE,LA,,0,100,0.0
Elijah Higgins,TE,ARZ,,0,100,0.0
Jack Bech,WR,LV,,0,100,0.0
Tip Reiman,TE,ARZ,,0,100,0.0
Matthew Hibner,TE,BLT,,0,100,0.0
Mack Hollins,WR,NE,,0,100,0.0
Kalif Raymond,WR,CHI,,0,100,0.0
Sean Tucker,RB,TB,,0,100,0.0
Demarcus Robinson,WR,SF,,0,100,0.0
Josh Palmer,WR,BUF,,0,100,0.0
Sam Roush,TE,CHI,,0,100,0.0
Durham Smythe,TE,BLT,,0,100,0.0
Brevyn Spann-Ford,TE,DAL,,0,100,0.0
Seydou Traore,TE,MIA,,0,100,0.0
Johnny Mundt,TE,PHI,,0,100,0.0
Andrew Ogletree,TE,IND,,0,100,0.0
Isaiah Davis,RB,NYJ,,0,100,0.0
DeMario Douglas,WR,NE,,0,100,0.0
Riley Nowakowski,TE,PIT,,0,100,0.0
Jack Stoll,TE,CLV,,0,100,0.0
Luke McCaffrey,WR,WAS,,0,100,0.0
Tanner Koziol,TE,JAX,,0,100,0.0
Tyler Conklin,TE,DET,,0,100,0.0
Justin Joly,TE,DEN,,0,100,0.0
Ben Yurosek,TE,MIN,,0,100,0.0
Julian Hill,TE,NE,,0,100,0.0
Kylen Granson,TE,TEN,,0,100,0.0
Luke Farrell,TE,SF,,0,100,0.0
Eric Saubert,TE,SEA,,0,100,0.0
Zachariah Branch,WR,ATL,,0,100,0.0
Jack Westover,TE,NE,,0,100,0.0
Payne Durham,TE,TB,,0,100,0.0
David Martin-Robinson,TE,TEN,,0,100,0.0
Luke Musgrave,TE,GB,,0,100,0.0
Cameron Latu,TE,PHI,,0,100,0.0
Chris Manhertz,TE,NYG,,0,100,0.0
Tre Harris,WR,LAC,,0,100,0.0
Ollie Gordon II,RB,MIA,,0,100,0.0
Malachi Fields,WR,NYG,,0,100,0.0
Kendrick Bourne,WR,ARZ,,0,100,0.0
Ray Davis,RB,BUF,,0,100,0.0
Chris Brooks,RB,GB,,0,100,0.0
Jahdae Walker,WR,CHI,,0,100,0.0
Tahj Brooks,RB,CIN,,0,100,0.0
James Conner,RB,ARI,,0,100,0.0
Phil Mafah,RB,DAL,,0,100,0.0
Trevor Etienne,RB,CAR,,0,100,0.0
Nicholas Singleton,RB,TEN,,0,100,0.0
Will Shipley,RB,PHI,,0,100,0.0
Malik Davis,RB,DAL,,0,100,0.0
Hunter Luepke,RB,DAL,,0,100,0.0
Eli Heidenreich,RB,PIT,,0,100,0.0
Connor Heyward,RB,LV,,0,100,0.0
Alec Ingold,RB,LAC,,0,100,0.0
Max Bredeson,RB,MIN,,0,100,0.0
Adam Prentice,RB,DEN,,0,100,0.0
British Brooks,RB,HST,,0,100,0.0
Patrick Ricard,RB,NYG,,0,100,0.0
Reggie Gilliam,RB,NE,,0,100,0.0
Brady Russell,RB,SEA,,0,100,0.0
Emari Demercado,RB,KC,,0,100,0.0
Josh Cuevas,TE,BLT,,0,100,0.0
Devin Neal,RB,NO,,0,100,0.0
Cedric Tillman,WR,CLE,,0,100,0.0
Colbie Young,WR,CIN,,0,100,0.0
Ian Thomas,TE,LV,,0,100,0.0
Colson Yankoff,TE,WAS,,0,100,0.0
Tez Johnson,WR,TB,,0,100,0.0
Zavion Thomas,WR,CHI,,0,100,0.0
Bryce Lance,WR,NO,,0,100,0.0
Devontez Walker,WR,BLT,,0,100,0.0
Skyler Bell,WR,BUF,,0,100,0.0
Konata Mumpfield,WR,LA,,0,100,0.0
Jordan Whittington,WR,LA,,0,100,0.0
Tai Felton,WR,MIN,,0,100,0.0
Darnell Mooney,WR,NYG,,0,100,0.0
Mitchell Tinsley,WR,CIN,,0,100,0.0
Isaiah Bond,WR,CLV,,0,100,0.0
Jalen Royals,WR,KC,,0,100,0.0
Barion Brown,WR,NO,,0,100,0.0
Xavier Smith,WR,LA,,0,100,0.0
Nick Westbrook-Ikhine,WR,IND,,0,100,0.0
Reggie Virgil,WR,ARZ,,0,100,0.0
Brenen Thompson,WR,LAC,,0,100,0.0
Jaylin Lane,WR,WAS,,0,100,0.0
Xavier Weaver,WR,ARZ,,0,100,0.0
CJ Daniels,WR,LA,,0,100,0.0
Arian Smith,WR,NYJ,,0,100,0.0
Emmanuel Henderson Jr.,WR,SEA,,0,100,0.0
Van Jefferson,WR,WAS,,0,100,0.0
C.J. Williams,WR,JAX,,0,100,0.0
Travis Homer,RB,PIT,,0,100,0.0
Kendre Miller,RB,NO,,0,100,0.0
Roman Wilson,WR,PIT,,0,100,0.0
Salvon Ahmed,RB,CHI,,0,100,0.0
Jam Miller,RB,NE,,0,100,0.0
Savion Williams,WR,GB,,0,100,0.0
Ty Chandler,RB,NO,,0,100,0.0
John Metchie III,WR,CAR,,0,100,0.0
Erick All,TE,CIN,,0,100,0.0
Travis Hunter,WR,JAX,,0,100,0.0
Isaiah Williams,WR,NYJ,,0,100,0.0
Kyle Williams,WR,NE,,0,100,0.0
George Holani,RB,SEA,,0,100,0.0
AJ Dillon,RB,CAR,,0,100,0.0
Jimmy Horn Jr.,WR,CAR,,0,100,0.0
DJ Giddens,RB,IND,,0,100,0.0
Darius Cooper,WR,PHI,,0,100,0.0
Tylan Wallace,WR,CLV,,0,100,0.0
Deion Burks,WR,IND,,0,100,0.0
LaJohntay Wester,WR,BLT,,0,100,0.0
Jake Bobo,WR,SEA,,0,100,0.0
Myles Price,WR,MIN,,0,100,0.0
Ben Skowronek,WR,PIT,,0,100,0.0
Zavier Scott,RB,MIN,,0,100,0.0
Devin Culp,TE,TB,,0,100,0.0
Jordyn Tyson,WR,NO,,0,100,0.0
Donovan Edwards,RB,MIA,,0,100,0.0
Kevin Coleman Jr.,WR,MIA,,0,100,0.0
Bo Melton,WR,GB,,0,100,0.0
Frank Gore Jr.,RB,BUF,,0,100,0.0
Jacob Cowing,WR,SF,,0,100,0.0
MarShawn Lloyd,RB,GB,,0,100,0.0
Tutu Atwell,WR,MIA,,0,100,0.0
Greg Dortch,WR,DET,,0,100,0.0
Cedrick Wilson Jr.,WR,DET,,0,100,0.0
Jalen Tolbert,WR,MIA,,0,100,0.0
Roschon Johnson,RB,CHI,,0,100,0.0
KeAndre Lambert-Smith,WR,LAC,,0,100,0.0
Mason Tipton,WR,NO,,0,100,0.0
Derius Davis,WR,LAC,,0,100,0.0
Devin Duvernay,WR,ARZ,,0,100,0.0
Jeremy McNichols,RB,WAS,,0,100,0.0
Isaac Guerendo,RB,SF,,0,100,0.0
Dameon Pierce,RB,PHI,,0,100,0.0
Jared Wiley,TE,KC,,0,100,0.0
Teagan Quitoriano,TE,ARZ,,0,100,0.0
Keleki Latu,TE,BUF,,0,100,0.0
Joshua Simon,TE,ATL,,0,100,0.0
Stephen Carlson,TE,CHI,,0,100,0.0
Gavin Bartholomew,TE,MIN,,0,100,0.0
Jelani Woods,TE,NYJ,,0,100,0.0
Nick Kallerup,TE,SEA,,0,100,0.0
Brevin Jordan,TE,HST,,0,100,0.0
Devin Singletary,RB,NYG,,0,100,0.0
Bam Knight,RB,ARZ,,0,100,0.0
Jarquez Hunter,RB,LA,,0,100,0.0
Raheim Sanders,RB,CLV,,0,100,0.0
Jacob Saylors,RB,DET,,0,100,0.0
Sione Vaki,RB,DET,,0,100,0.0
DeeJay Dallas,RB,JAX,,0,100,0.0
Treylon Burks,WR,WAS,,0,100,0.0
Noah Brown,WR,LV,,0,100,0.0
Elijah Sarratt,WR,BLT,,0,100,0.0
Odell Beckham Jr.,WR,NYG,,0,100,0.0
Dont'e Thornton Jr.,WR,LV,,0,100,0.0
Elijah Moore,WR,PHI,,0,100,0.0
Jonathan Mingo,WR,DAL,,0,100,0.0
Austin Trammell,WR,JAX,,0,100,0.0
Laquon Treadwell,WR,IND,,0,100,0.0
David Moore,WR,CAR,,0,100,0.0
Lil'Jordan Humphrey,WR,DEN,,0,100,0.0
Chris Blair,WR,ATL,,0,100,0.0
Kameron Johnson,WR,TB,,0,100,0.0
Jalen Brooks,WR,ARZ,,0,100,0.0
Tim Jones,WR,JAX,,0,100,0.0
Mecole Hardman,WR,BUF,,0,100,0.0
Jalen Reagor,WR,MIA,,0,100,0.0
Kaden Wetjen,WR,PIT,,0,100,0.0
Dareke Young,WR,LV,,0,100,0.0
Nikko Remigio,WR,KC,,0,100,0.0
Dylan Drummond,WR,ATL,,0,100,0.0
Dylan Laube,RB,LV,,0,100,0.0
Drake Dabney,TE,GB,,0,100,0.0
Will Mallory,TE,IND,,0,100,0.0
Messiah Swinson,TE,GB,,0,100,0.0
Zaire Mitchell-Paden,TE,NO,,0,100,0.0
Ko Kieft,TE,TB,,0,100,0.0
Malachi Corley,WR,CLV,,0,100,0.0
Dare Ogunbowale,RB,LV,,0,100,0.0
Shedeur Sanders,QB,CLE,,0,100,0.0
Skyy Moore,WR,GB,,0,100,0.0
Carson Beck,QB,ARI,,0,100,0.0
Dominic Lovett,WR,DET,,0,100,0.0
J.J. McCarthy,QB,MIN,,0,100,0.0
Kaleb Johnson,RB,PIT,,0,100,0.0
Jameis Winston,QB,NYG,,0,100,0.0
Tyson Bagent,QB,CHI,,0,100,0.0
Mac Jones,QB,SF,,0,100,0.0
Quinn Ewers,QB,MIA,,0,100,0.0
Joe Milton III,QB,DAL,,0,100,0.0
Albert Okwuegbunam,TE,LV,,0,100,0.0
Quintin Morris,TE,JAX,,0,100,0.0
Davis Mills,QB,HOU,,0,100,0.0
Justin Fields,QB,KC,,0,100,0.0
Kyle Allen,QB,BUF,,0,100,0.0
Will Howard,QB,PIT,,0,100,0.0
Jake Briningstool,TE,KC,,0,100,0.0
Thomas Fidone II,TE,NYG,,0,100,0.0
Brayden Willis,TE,SF,,0,100,0.0
Cam Grandy,TE,CIN,,0,100,0.0
CJ Dippre,TE,NE,,0,100,0.0
Kenny Pickett,QB,CAR,,0,100,0.0
Hayden Rucci,TE,SF,,0,100,0.0
Riley Leonard,QB,IND,,0,100,0.0
Marquez Valdes-Scantling,WR,DAL,,0,100,0.0
Nate Carter,RB,ATL,,0,100,0.0
Rasheen Ali,RB,BLT,,0,100,0.0
Trey Benson,RB,ARZ,,0,100,0.0
Kene Nwangwu,RB,NYJ,,0,100,0.0
Pierre Strong,RB,GB,,0,100,0.0
Kalel Mullings,RB,TEN,,0,100,0.0
Lan Larison,RB,NE,,0,100,0.0
Brittain Brown,RB,CHI,,0,100,0.0
Michael Carter,RB,TEN,,0,100,0.0
Jaret Patterson,RB,LAC,,0,100,0.0
Ronnie Rivers,RB,LA,,0,100,0.0
Josh Williams,RB,TB,,0,100,0.0
Ahmani Marshall,RB,CLV,,0,100,0.0
Ulysses Bentley IV,RB,IND,,0,100,0.0
Gary Brightwell,RB,CIN,,0,100,0.0
Damien Martinez,RB,GB,,0,100,0.0
Tim Patrick,WR,NYJ,,0,100,0.0
Tyrell Shavers,WR,BUF,,0,100,0.0
Justin Watson,WR,HST,,0,100,0.0
Efton Chism III,WR,NE,,0,100,0.0
Scott Miller,WR,CHI,,0,100,0.0
Xavier Restrepo,WR,TEN,,0,100,0.0
Ke'Shawn Williams,WR,CIN,,0,100,0.0
Jason Brownlee,WR,KC,,0,100,0.0
Jeshaun Jones,WR,MIN,,0,100,0.0
JP Richardson,WR,CHI,,0,100,0.0
Dontae Fleming,WR,MIN,,0,100,0.0
Charlie Jones,WR,CIN,,0,100,0.0
Tyler Badie,RB,DEN,,0,100,0.0
Ty Simpson,QB,LA,,0,100,0.0
Marcus Mariota,QB,WAS,,0,100,0.0
Tanner McKee,QB,PHI,,0,100,0.0
Joshua Dobbs,QB,DET,,0,100,0.0
Nick Mullens,QB,JAC,,0,100,0.0
Jake Browning,QB,TB,,0,100,0.0
Jarrett Stidham,QB,DEN,,0,100,0.0
Tyler Huntley,QB,BAL,,0,100,0.0
Tyrod Taylor,QB,GB,,0,100,0.0
Drew Lock,QB,SEA,,0,100,0.0
Spencer Rattler,QB,NO,,0,100,0.0
Trey Lance,QB,LAC,,0,100,0.0
Brady Cook,QB,NYJ,,0,100,0.0
Mason Rudolph,QB,PIT,,0,100,0.0
Gardner Minshew,QB,ARI,,0,100,0.0
Jalen Milroe,QB,SEA,,0,100,0.0
Andy Dalton,QB,PHI,,0,100,0.0
Josh Johnson,QB,CIN,,0,100,0.0
Mitchell Trubisky,QB,TEN,,0,100,0.0
Tommy DeVito,QB,NE,,0,100,0.0
Anthony Richardson,QB,IND,,0,100,0.0
