rank,name,position,nfl_team,opp,fpts,match_key
1,J. Gibbs,RB,DET,NO,23.1,J|gibbs|DET
2,P. Nacua,WR,LAR,SF,21.2,P|nacua|LAR
3,J. Allen,QB,BUF,HST,20.7,J|allen|BUF
4,J. Burrow,QB,CIN,TB,20.6,J|burrow|CIN
5,C. McCaffrey,RB,SF,LA,20.4,C|mccaffrey|SF
6,J. Taylor,RB,IND,BLT,20.3,J|taylor|IND
7,L. Jackson,QB,BAL,IND,20.1,L|jackson|BAL
8,J. Hurts,QB,PHI,WAS,20.0,J|hurts|PHI
9,J. Herbert,QB,LAC,ARZ,19.9,J|herbert|LAC
10,J. Dart,QB,NYG,DAL,19.8,J|dart|NYG
11,J. Chase,WR,CIN,TB,19.8,J|chase|CIN
12,B. Robinson,RB,ATL,PIT,19.6,B|robinson|ATL
13,J. Goff,QB,DET,NO,19.4,J|goff|DET
14,D. Achane,RB,MIA,LV,19.4,D|achane|MIA
15,B. Purdy,QB,SF,LA,19.3,B|purdy|SF
16,T. Lawrence,QB,JAC,CLV,19.2,T|lawrence|JAC
17,M. Stafford,QB,LAR,SF,19.0,M|stafford|LAR
18,K. Murray,QB,MIN,GB,19.0,K|murray|MIN
19,A. St. Brown,WR,DET,NO,18.8,A|st brown|DET
20,D. Henry,RB,BAL,IND,18.7,D|henry|BAL
21,D. Prescott,QB,DAL,NYG,18.7,D|prescott|DAL
22,D. Maye,QB,NE,SEA,18.5,D|maye|NE
23,J. Smith-Njigba,WR,SEA,NE,18.5,J|smith-njigba|SEA
24,A. Jeanty,RB,LV,MIA,18.2,A|jeanty|LV
25,T. Shough,QB,NO,DET,18.1,T|shough|NO
26,P. Mahomes,QB,KC,DEN,18.0,P|mahomes|KC
27,J. Daniels,QB,WAS,PHI,17.9,J|daniels|WAS
28,M. Willis,QB,MIA,LV,17.9,M|willis|MIA
29,C. Williams,QB,CHI,CAR,17.8,C|williams|CHI
30,S. Barkley,RB,PHI,WAS,17.7,S|barkley|PHI
31,B. Mayfield,QB,TB,CIN,17.4,B|mayfield|TB
32,B. Nix,QB,DEN,KC,17.0,B|nix|DEN
33,J. Love,QB,GB,MIN,16.9,J|love|GB
34,J. Williams,RB,DAL,NYG,16.8,J|williams|DAL
35,C. Stroud,QB,HOU,BUF,16.4,C|stroud|HOU
36,R. Stevenson,RB,NE,SEA,16.2,R|stevenson|NE
37,C. Olave,WR,NO,DET,16.2,C|olave|NO
38,O. Hampton,RB,LAC,ARZ,16.2,O|hampton|LAC
39,J. Jefferson,WR,MIN,GB,15.9,J|jefferson|MIN
40,S. Darnold,QB,SEA,NE,15.9,S|darnold|SEA
41,D. Jones,QB,IND,BLT,15.7,D|jones|IND
42,C. Lamb,WR,DAL,NYG,15.7,C|lamb|DAL
43,J. Brissett,QB,ARI,LAC,15.7,J|brissett|ARI
44,A. Rodgers,QB,PIT,ATL,15.4,A|rodgers|PIT
45,C. Brown,RB,CIN,TB,15.3,C|brown|CIN
46,D. London,WR,ATL,PIT,15.3,D|london|ATL
47,J. Cook,RB,BUF,HST,15.3,J|cook|BUF
48,B. Young,QB,CAR,CHI,15.3,B|young|CAR
49,G. Smith,QB,NYJ,TEN,15.2,G|smith|NYJ
50,K. Walker III,RB,KC,DEN,15.1,K|walker|KC
51,L. McConkey,WR,LAC,ARZ,15.0,L|mcconkey|LAC
52,R. Rice,WR,KC,DEN,14.9,R|rice|KC
53,T. Etienne,RB,NO,DET,14.9,T|etienne|NO
54,C. Ward,QB,TEN,NYJ,14.9,C|ward|TEN
55,D. Smith,WR,PHI,WAS,14.8,D|smith|PHI
56,M. Nabers,WR,NYG,DAL,14.7,M|nabers|NYG
57,Z. Flowers,WR,BAL,IND,14.7,Z|flowers|BAL
58,T. Higgins,WR,CIN,TB,14.7,T|higgins|CIN
59,G. Pickens,WR,DAL,NYG,14.7,G|pickens|DAL
60,A. Brown,WR,NE,SEA,14.5,A|brown|NE
61,D. Montgomery,RB,HOU,BUF,14.3,D|montgomery|HOU
62,N. Collins,WR,HOU,BUF,14.2,N|collins|HOU
63,B. Bowers,TE,LV,MIA,14.2,B|bowers|LV
64,K. Cousins,QB,LV,MIA,14.1,K|cousins|LV
65,D. Adams,WR,LAR,SF,14.0,D|adams|LAR
66,B. Hall,RB,NYJ,TEN,13.9,B|hall|NYJ
67,T. Tagovailoa,QB,ATL,PIT,13.8,T|tagovailoa|ATL
68,G. Wilson,WR,NYJ,TEN,13.8,G|wilson|NYJ
69,M. Evans,WR,SF,LA,13.7,M|evans|SF
70,K. Williams,RB,LAR,SF,13.6,K|williams|LAR
71,D. Watson,QB,CLE,JAX,13.5,D|watson|CLE
72,B. Irving,RB,TB,CIN,13.5,B|irving|TB
73,D. Swift,RB,CHI,CAR,13.5,D|swift|CHI
74,T. McBride,TE,ARI,LAC,13.1,T|mcbride|ARI
75,C. Skattebo,RB,NYG,DAL,13.0,C|skattebo|NYG
76,J. Waddle,WR,DEN,KC,13.0,J|waddle|DEN
77,C. Watson,WR,GB,MIN,12.9,C|watson|GB
78,T. McMillan,WR,CAR,CHI,12.8,T|mcmillan|CAR
79,S. LaPorta,TE,DET,NO,12.8,S|laporta|DET
80,J. Price,RB,SEA,NE,12.7,J|price|SEA
81,E. Egbuka,WR,TB,CIN,12.7,E|egbuka|TB
82,M. Harrison Jr.,WR,ARI,LAC,12.5,M|harrison|ARI
83,J. Williams,WR,DET,NO,12.5,J|williams|DET
84,A. Jones,RB,MIN,GB,12.3,A|jones|MIN
85,Q. Judkins,RB,CLE,JAX,12.3,Q|judkins|CLE
86,Q. Johnston,WR,LAC,ARZ,12.3,Q|johnston|LAC
87,M. Pittman,WR,PIT,ATL,12.1,M|pittman|PIT
88,D. Metcalf,WR,PIT,ATL,12.1,D|metcalf|PIT
89,J. Warren,RB,PIT,ATL,12.0,J|warren|PIT
90,T. Warren,TE,IND,BLT,11.8,T|warren|IND
91,P. Washington,WR,JAC,CLV,11.7,P|washington|JAC
92,C. Sutton,WR,DEN,KC,11.6,C|sutton|DEN
93,J. Love,RB,ARI,LAC,11.6,J|love|ARI
94,B. Tuten,RB,JAC,CLV,11.6,B|tuten|JAC
95,T. Pollard,RB,TEN,NYJ,11.6,T|pollard|TEN
96,R. Dowdle,RB,PIT,ATL,11.5,R|dowdle|PIT
97,T. McLaurin,WR,WAS,PHI,11.5,T|mclaurin|WAS
98,T. Kelce,TE,KC,DEN,11.5,T|kelce|KC
99,J. Meyers,WR,JAC,CLV,11.2,J|meyers|JAC
100,C. Hubbard,RB,CAR,CHI,11.1,C|hubbard|CAR
101,C. Tate,WR,TEN,NYJ,11.1,C|tate|TEN
102,L. Burden III,WR,CHI,CAR,11.1,L|burden|CHI
103,B. Thomas Jr.,WR,JAC,CLV,11.0,B|thomas|JAC
104,D. Moore,WR,BUF,HST,10.9,D|moore|BUF
105,J. Dobbins,RB,DEN,KC,10.9,J|dobbins|DEN
106,X. Worthy,WR,KC,DEN,10.9,X|worthy|KC
107,M. Lloyd,RB,GB,MIN,10.9,M|lloyd|GB
108,J. Reed,WR,GB,MIN,10.8,J|reed|GB
109,J. Addison,WR,MIN,GB,10.8,J|addison|MIN
110,J. Coker,WR,CAR,CHI,10.8,J|coker|CAR
111,J. Johnson,TE,NO,DET,10.7,J|johnson|NO
112,K. Pitts,TE,ATL,PIT,10.7,K|pitts|ATL
113,C. Godwin Jr.,WR,TB,CIN,10.6,C|godwin|TB
114,R. Odunze,WR,CHI,CAR,10.6,R|odunze|CHI
115,C. Loveland,TE,CHI,CAR,10.4,C|loveland|CHI
116,M. Wilson,WR,ARI,LAC,10.3,M|wilson|ARI
117,J. Brooks,RB,CAR,CHI,10.2,J|brooks|CAR
118,W. Robinson,WR,TEN,NYJ,10.2,W|robinson|TEN
119,T. Kraft,TE,GB,MIN,10.1,T|kraft|GB
120,H. Fannin Jr.,TE,CLE,JAX,10.1,H|fannin|CLE
121,D. Goedert,TE,PHI,WAS,10.0,D|goedert|PHI
122,J. Downs,WR,IND,BLT,9.8,J|downs|IND
123,M. Andrews,TE,BAL,IND,9.7,M|andrews|BAL
124,G. Kittle,TE,SF,LA,9.6,G|kittle|SF
125,S. Diggs,WR,WAS,PHI,9.5,S|diggs|WAS
126,A. Mitchell,WR,NYJ,TEN,9.5,A|mitchell|NYJ
127,J. Ferguson,TE,DAL,NYG,9.5,J|ferguson|DAL
128,J. Jaguars,DST,JAC,CLV,9.5,DST|JAC
129,K. Allen,WR,IND,BLT,9.3,K|allen|IND
130,T. Hockenson,TE,MIN,GB,9.2,T|hockenson|MIN
131,B. Strange,TE,JAC,CLV,9.2,B|strange|JAC
132,R. White,RB,WAS,PHI,9.2,R|white|WAS
133,C. Kupp,WR,SEA,NE,9.1,C|kupp|SEA
134,D. Wicks,WR,PHI,WAS,9.1,D|wicks|PHI
135,I. Likely,TE,NYG,DAL,9.1,I|likely|NYG
136,D. Vele,WR,NO,DET,9.1,D|vele|NO
137,R. Doubs,WR,NE,SEA,9.0,R|doubs|NE
138,D. Schultz,TE,HOU,BUF,9.0,D|schultz|HOU
139,K. Shakir,WR,BUF,HST,9.0,K|shakir|BUF
140,T. Spears,RB,TEN,NYJ,8.8,T|spears|TEN
141,J. McMillan,WR,TB,CIN,8.8,J|mcmillan|TB
142,D. Samuel Sr.,WR,SF,LA,8.7,D|samuel|SF
143,T. Titans,DST,TEN,NYJ,8.7,DST|TEN
144,A. Pierce,WR,IND,BLT,8.7,A|pierce|IND
145,K. Gainwell,RB,TB,CIN,8.6,K|gainwell|TB
146,J. Croskey-Merritt,RB,WAS,PHI,8.6,J|croskey-merritt|WAS
147,T. Tucker,WR,LV,MIA,8.6,T|tucker|LV
148,M. Golden,WR,GB,MIN,8.5,M|golden|GB
149,H. Henry,TE,NE,SEA,8.5,H|henry|NE
150,C. Otton,TE,TB,CIN,8.4,C|otton|TB
151,K. Boutte,WR,HOU,BUF,8.4,K|boutte|HOU
152,J. Jeudy,WR,CLE,JAX,8.3,J|jeudy|CLE
153,J. Mason,RB,MIN,GB,8.2,J|mason|MIN
154,J. Nailor,WR,LV,MIA,8.2,J|nailor|LV
155,S. Seahawks,DST,SEA,NE,8.0,DST|SEA
156,R. Flournoy,WR,DAL,NYG,7.9,R|flournoy|DAL
157,H. Mevis,K,LAR,SF,7.9,H|mevis|LAR
158,L. Angeles Chargers,DST,LAC,ARZ,7.9,DST|LAC
159,B. Corum,RB,LAR,SF,7.9,B|corum|LAR
160,T. Loop,K,BAL,IND,7.8,T|loop|BAL
161,E. McPherson,K,CIN,TB,7.8,E|mcpherson|CIN
162,K. Concepcion,WR,CLE,JAX,7.7,K|concepcion|CLE
163,C. Little,K,JAC,CLV,7.7,C|little|JAC
164,B. Aubrey,K,DAL,NYG,7.7,B|aubrey|DAL
165,C. Dicker,K,LAC,ARZ,7.7,C|dicker|LAC
166,L. Vegas Raiders,DST,LV,MIA,7.7,DST|LV
167,A. Barner,TE,SEA,NE,7.7,A|barner|SEA
168,J. Bates,K,DET,NO,7.6,J|bates|DET
169,J. Elliott,K,PHI,WAS,7.6,J|elliott|PHI
170,N. York Jets,DST,NYJ,TEN,7.6,DST|NYJ
171,C. Santos,K,CHI,CAR,7.6,C|santos|CHI
172,S. Perine,RB,CIN,TB,7.6,S|perine|CIN
173,D. Kincaid,TE,BUF,HST,7.6,D|kincaid|BUF
174,J. Myers,K,SEA,NE,7.5,J|myers|SEA
175,R. Shaheed,WR,SEA,NE,7.5,R|shaheed|SEA
176,C. McLaughlin,K,TB,CIN,7.5,C|mclaughlin|TB
177,D. Lions,DST,DET,NO,7.5,DST|DET
178,E. Pineiro,K,SF,LA,7.5,E|pineiro|SF
179,W. Reichard,K,MIN,GB,7.5,W|reichard|MIN
180,R. Harvey,RB,DEN,KC,7.5,R|harvey|DEN
181,H. Butker,K,KC,DEN,7.5,H|butker|KC
182,J. Noel,WR,HOU,BUF,7.4,J|noel|HOU
183,M. Gay,K,LV,MIA,7.4,M|gay|LV
184,C. Brooks,RB,GB,MIN,7.4,C|brooks|GB
185,C. Boswell,K,PIT,ATL,7.4,C|boswell|PIT
186,D. Zvada,K,NYG,DAL,7.4,D|zvada|NYG
187,T. Smack,K,GB,MIN,7.4,T|smack|GB
188,S. Shrader,K,IND,BLT,7.4,S|shrader|IND
189,C. Okonkwo,TE,WAS,PHI,7.3,C|okonkwo|WAS
190,K. Fairbairn,K,HOU,BUF,7.3,K|fairbairn|HOU
191,P. Steelers,DST,PIT,ATL,7.2,DST|PIT
192,R. Fitzgerald,K,CAR,CHI,7.2,R|fitzgerald|CAR
193,C. Douglas,WR,MIA,LV,7.2,C|douglas|MIA
194,K. Monangai,RB,CHI,CAR,7.2,K|monangai|CHI
195,C. Smyth,K,NO,DET,7.2,C|smyth|NO
196,C. Ridley,WR,TEN,NYJ,7.1,C|ridley|TEN
197,T. Bass,K,BUF,HST,7.1,T|bass|BUF
198,P. Freiermuth,TE,PIT,ATL,7.1,P|freiermuth|PIT
199,R. Bateman,WR,BAL,IND,7.0,R|bateman|BAL
200,W. Lutz,K,DEN,KC,7.0,W|lutz|DEN
201,A. Borregales,K,NE,SEA,7.0,A|borregales|NE
202,T. Harris,WR,LAC,ARZ,6.9,T|harris|LAC
203,N. Folk,K,ATL,PIT,6.9,N|folk|ATL
204,D. Stevens,K,WAS,PHI,6.8,D|stevens|WAS
205,J. Slye,K,TEN,NYJ,6.8,J|slye|TEN
206,C. Bears,DST,CHI,CAR,6.8,DST|CHI
207,B. Bills,DST,BUF,HST,6.8,DST|BUF
208,P. Eagles,DST,PHI,WAS,6.7,DST|PHI
209,M. Taylor,TE,NYJ,TEN,6.7,M|taylor|NYJ
210,J. Jennings,WR,MIN,GB,6.7,J|jennings|MIN
211,B. Grupe,K,NYJ,TEN,6.6,B|grupe|NYJ
212,D. Cowboys,DST,DAL,NYG,6.6,DST|DAL
213,M. Washington,WR,MIA,LV,6.6,M|washington|MIA
214,R. Patterson,K,MIA,LV,6.6,R|patterson|MIA
215,C. Ryland,K,ARI,LAC,6.6,C|ryland|ARI
216,L. Angeles Rams,DST,LAR,SF,6.5,DST|LAR
217,C. Rodriguez Jr.,RB,JAC,CLV,6.5,C|rodriguez|JAC
218,P. Bryant,WR,DEN,KC,6.5,P|bryant|DEN
219,B. Ravens,DST,BAL,IND,6.5,DST|BAL
220,B. Lance,WR,NO,DET,6.3,B|lance|NO
221,N. England Patriots,DST,NE,SEA,6.3,DST|NE
222,C. Bengals,DST,CIN,TB,6.3,DST|CIN
223,C. Parkinson,TE,LAR,SF,6.2,C|parkinson|LAR
224,D. Sampson,RB,CLE,JAX,6.2,D|sampson|CLE
225,M. Gesicki,TE,CIN,TB,6.1,M|gesicki|CIN
226,E. Engram,TE,DEN,KC,6.1,E|engram|DEN
227,D. Stribling,WR,SF,LA,6.1,D|stribling|SF
228,D. Broncos,DST,DEN,KC,6.1,DST|DEN
229,T. Ferguson,TE,LAR,SF,6.0,T|ferguson|LAR
230,A. Falcons,DST,ATL,PIT,6.0,DST|ATL
231,M. Fields,WR,NYG,DAL,6.0,M|fields|NYG
232,G. Bay Packers,DST,GB,MIN,6.0,DST|GB
233,M. Dolphins,DST,MIA,LV,5.9,DST|MIA
234,J. Hill,RB,BAL,IND,5.9,J|hill|BAL
235,A. Szmyt,K,CLE,JAX,5.8,A|szmyt|CLE
236,A. Iosivas,WR,CIN,TB,5.7,A|iosivas|CIN
237,C. Kolar,TE,LAC,ARZ,5.6,C|kolar|LAC
238,K. Mitchell,RB,LAC,ARZ,5.6,K|mitchell|LAC
239,K. City Chiefs,DST,KC,DEN,5.6,DST|KC
240,G. Helm,TE,TEN,NYJ,5.6,G|helm|TEN
241,J. Lane,WR,BAL,IND,5.5,J|lane|BAL
242,X. Legette,WR,CAR,CHI,5.5,X|legette|CAR
243,G. Holani,RB,SEA,NE,5.5,G|holani|SEA
244,C. Browns,DST,CLE,JAX,5.5,DST|CLE
245,G. Dulcich,TE,MIA,LV,5.4,G|dulcich|MIA
246,D. Boston,WR,CLE,JAX,5.4,D|boston|CLE
247,T. Allgeier,RB,ARI,LAC,5.4,T|allgeier|ARI
248,B. Robinson,RB,ATL,PIT,5.4,B|robinson|ATL
249,M. Vikings,DST,MIN,GB,5.4,DST|MIN
250,K. Coleman,WR,BUF,HST,5.3,K|coleman|BUF
251,H. Texans,DST,HOU,BUF,5.3,DST|HOU
252,T. Johnson,RB,BUF,HST,5.3,T|johnson|BUF
253,T. Bay Buccaneers,DST,TB,CIN,5.2,DST|TB
254,W. Marks,RB,HOU,BUF,5.2,W|marks|HOU
255,J. Bech,WR,LV,MIA,5.2,J|bech|LV
256,I. TeSlaa,WR,DET,NO,5.2,I|teslaa|DET
257,K. Bourne,WR,ARI,LAC,5.1,K|bourne|ARI
258,N. York Giants,DST,NYG,DAL,5.1,DST|NYG
259,C. Panthers,DST,CAR,CHI,5.0,DST|CAR
260,W. Commanders,DST,WAS,PHI,4.9,DST|WAS
261,J. Dotson,WR,ATL,PIT,4.8,J|dotson|ATL
262,R. Wilson,WR,PIT,ATL,4.8,R|wilson|PIT
263,D. Douglas,WR,NE,SEA,4.8,D|douglas|NE
264,T. Thornton,WR,KC,DEN,4.8,T|thornton|KC
265,M. Lemon,WR,PHI,WAS,4.8,M|lemon|PHI
266,S. Francisco 49ers,DST,SF,LA,4.7,DST|SF
267,D. Waller,TE,CAR,CHI,4.7,D|waller|CAR
268,K. Miller,RB,NO,DET,4.6,K|miller|NO
269,O. Zaccheaus,WR,ATL,PIT,4.6,O|zaccheaus|ATL
270,I. Colts,DST,IND,BLT,4.6,DST|IND
271,J. Saylors,RB,DET,NO,4.5,J|saylors|DET
272,D. Knox,TE,BUF,HST,4.5,D|knox|BUF
273,N. Harris,RB,NYG,DAL,4.5,N|harris|NYG
274,D. Washington,TE,PIT,ATL,4.5,D|washington|PIT
275,A. Cardinals,DST,ARI,LAC,4.4,DST|ARI
276,B. Smith,RB,KC,DEN,4.4,B|smith|KC
277,T. Burks,WR,WAS,PHI,4.3,T|burks|WAS
278,B. Allen,RB,NYJ,TEN,4.3,B|allen|NYJ
279,E. Wilson,RB,SEA,NE,4.3,E|wilson|SEA
280,O. Gadsden II,TE,LAC,ARZ,4.3,O|gadsden|LAC
281,C. Kmet,TE,CHI,CAR,4.2,C|kmet|CHI
282,G. Bernard,WR,PIT,ATL,4.1,G|bernard|PIT
283,D. Mooney,WR,NYG,DAL,4.0,D|mooney|NYG
284,I. Williams,WR,NYJ,TEN,3.9,I|williams|NYJ
285,T. Johnson,TE,NYG,DAL,3.9,T|johnson|NYG
286,N. Orleans Saints,DST,NO,DET,3.9,DST|NO
287,M. Mayer,TE,LV,MIA,3.7,M|mayer|LV
288,E. Ayomanor,WR,TEN,NYJ,3.7,E|ayomanor|TEN
289,X. Hutchinson,WR,HOU,BUF,3.6,X|hutchinson|HOU
290,Z. Thomas,WR,CHI,CAR,3.6,Z|thomas|CHI
291,J. Coleman,RB,DEN,KC,3.5,J|coleman|DEN
292,K. Vidal,RB,LAC,ARZ,3.5,K|vidal|LAC
293,N. Gray,TE,KC,DEN,3.4,N|gray|KC
294,K. Turpin,WR,DAL,NYG,3.4,K|turpin|DAL
295,T. Bigsby,RB,PHI,WAS,3.4,T|bigsby|PHI
296,J. Tolbert,WR,MIA,LV,3.4,J|tolbert|MIA
297,J. Wright,RB,MIA,LV,3.4,J|wright|MIA
298,M. Washington Jr.,RB,LV,MIA,3.4,M|washington|LV
299,M. Davis,RB,DAL,NYG,3.3,M|davis|DAL
300,D. Robinson,WR,SF,LA,3.3,D|robinson|SF
301,C. Bell,WR,MIA,LV,3.3,C|bell|MIA
302,O. Cooper Jr.,WR,NYJ,TEN,3.3,O|cooper|NYJ
303,D. Bellinger,TE,TEN,NYJ,3.2,D|bellinger|TEN
304,C. Kiner,RB,NE,SEA,3.2,C|kiner|NE
305,M. Hollins,WR,NE,SEA,3.2,M|hollins|NE
306,T. Johnson,WR,TB,CIN,3.2,T|johnson|TB
307,C. Allen,WR,KC,DEN,3.2,C|allen|KC
308,T. Hunter,WR,JAC,CLV,3.2,T|hunter|JAC
309,E. All,TE,CIN,TB,3.1,E|all|CIN
310,D. Sample,TE,CIN,TB,3.1,D|sample|CIN
311,J. Palmer,WR,BUF,HST,3.1,J|palmer|BUF
312,E. Johnson,RB,KC,DEN,3.1,E|johnson|KC
313,A. Hooper,TE,ATL,PIT,2.9,A|hooper|ATL
314,K. Raymond,WR,CHI,CAR,2.9,K|raymond|CHI
315,I. Davis,RB,NYJ,TEN,2.9,I|davis|NYJ
316,T. Tracy Jr.,RB,NYG,DAL,2.9,T|tracy|NYG
317,M. Mims Jr.,WR,DEN,KC,2.8,M|mims|DEN
318,K. Black,RB,SF,LA,2.8,K|black|SF
319,A. Dulin,WR,IND,BLT,2.8,A|dulin|IND
320,T. Higbee,TE,LAR,SF,2.8,T|higbee|LAR
321,K. Mumpfield,WR,LAR,SF,2.8,K|mumpfield|LAR
322,E. Arroyo,TE,SEA,NE,2.5,E|arroyo|SEA
323,W. Kacmarek,TE,MIA,LV,2.5,W|kacmarek|MIA
324,A. Abdullah,RB,JAC,CLV,2.5,A|abdullah|JAC
325,N. Fant,TE,NO,DET,2.4,N|fant|NO
326,T. Franklin,WR,DEN,KC,2.4,T|franklin|DEN
327,J. Smith,TE,GB,MIN,2.4,J|smith|GB
328,K. Juszczyk,RB,SF,LA,2.4,K|juszczyk|SF
329,T. Tremble,TE,CAR,CHI,2.3,T|tremble|CAR
330,R. Johnson,RB,CHI,CAR,2.3,R|johnson|CHI
331,M. Benson,WR,LV,MIA,2.3,M|benson|LV
332,M. Brown,WR,PHI,WAS,2.2,M|brown|PHI
333,S. McGowan,RB,IND,BLT,2.2,S|mcgowan|IND
334,Z. Branch,WR,ATL,PIT,2.2,Z|branch|ATL
335,A. Trautman,TE,DEN,KC,2.2,A|trautman|DEN
336,E. Higgins,TE,ARI,LAC,2.1,E|higgins|ARI
337,K. Sadiq,TE,NYJ,TEN,2.0,K|sadiq|NYJ
338,R. Davis,RB,BUF,HST,2.0,R|davis|BUF
339,N. Boerkircher,TE,JAC,CLV,2.0,N|boerkircher|JAC
340,B. Knight,RB,ARI,LAC,2.0,B|knight|ARI
341,B. Wright,TE,DET,NO,2.0,B|wright|DET
342,J. Oliver,TE,MIN,GB,2.0,J|oliver|MIN
343,X. Smith,WR,LAR,SF,2.0,X|smith|LAR
344,D. Njoku,TE,LAC,ARZ,1.9,D|njoku|LAC
345,E. Raridon,TE,NE,SEA,1.9,E|raridon|NE
346,S. Tucker,RB,TB,CIN,1.9,S|tucker|TB
347,O. Gordon II,RB,MIA,LV,1.9,O|gordon|MIA
348,B. Brown,WR,NO,DET,1.9,B|brown|NO
349,D. Smythe,TE,BAL,IND,1.8,D|smythe|BAL
350,M. Alie-Cox,TE,IND,BLT,1.8,M|alie-cox|IND
351,J. Cuevas,TE,BAL,IND,1.8,J|cuevas|BAL
352,J. Jordan,RB,HOU,BUF,1.8,J|jordan|HOU
353,J. Tonges,TE,SF,LA,1.7,J|tonges|SF
354,A. Ingold,RB,LAC,ARZ,1.7,A|ingold|LAC
355,J. Mundt,TE,PHI,WAS,1.6,J|mundt|PHI
356,D. Allen,TE,LAR,SF,1.6,D|allen|LAR
357,I. Bond,WR,CLE,JAX,1.6,I|bond|CLE
358,M. Evans,TE,CAR,CHI,1.6,M|evans|CAR
359,K. Johnson,RB,GB,MIN,1.6,K|johnson|GB
360,L. Schoonmaker,TE,DAL,NYG,1.6,L|schoonmaker|DAL
361,C. Young,WR,CIN,TB,1.5,C|young|CIN
362,D. Laube,RB,LV,MIA,1.5,D|laube|LV
363,E. Heidenreich,RB,PIT,ATL,1.5,E|heidenreich|PIT
364,T. Hurst III,WR,TB,CIN,1.5,T|hurst|TB
365,L. McCaffrey,WR,WAS,PHI,1.5,L|mccaffrey|WAS
366,B. Sinnott,TE,WAS,PHI,1.5,B|sinnott|WAS
367,J. Sanders,TE,CAR,CHI,1.4,J|sanders|CAR
368,T. Martin,WR,DET,NO,1.4,T|martin|DET
369,S. Vaki,RB,DET,NO,1.4,S|vaki|DET
370,S. Bell,WR,BUF,HST,1.4,S|bell|BUF
371,T. Felton,WR,MIN,GB,1.4,T|felton|MIN
372,J. Metchie III,WR,CAR,CHI,1.3,J|metchie|CAR
373,B. Thompson,WR,LAC,ARZ,1.3,B|thompson|LAC
374,B. Whiteheart,TE,CLE,JAX,1.3,B|whiteheart|CLE
375,T. Horton,WR,SEA,NE,1.3,T|horton|SEA
376,J. Ruckert,TE,NYJ,TEN,1.3,J|ruckert|NYJ
377,J. Hawes,TE,BUF,HST,1.2,J|hawes|BUF
378,K. Coleman Jr.,WR,MIA,LV,1.2,K|coleman|MIA
379,B. Melton,WR,GB,MIN,1.2,B|melton|GB
380,K. Allen,RB,WAS,PHI,1.2,K|allen|WAS
381,H. Luepke,RB,DAL,NYG,1.2,H|luepke|DAL
382,L. Farrell,TE,SF,LA,1.2,L|farrell|SF
383,S. Roush,TE,CHI,CAR,1.1,S|roush|CHI
384,F. Moreau,TE,HOU,BUF,1.1,F|moreau|HOU
385,B. Spann-Ford,TE,DAL,NYG,1.1,B|spann-ford|DAL
386,C. Dike,WR,TEN,NYJ,1.1,C|dike|TEN
387,J. Whyle,TE,GB,MIN,1.1,J|whyle|GB
388,J. Whittington,WR,LAR,SF,1.1,J|whittington|LAR
389,J. Walker,WR,CHI,CAR,1.1,J|walker|CHI
390,A. Estimé,RB,NO,DET,1.1,A|estimé|NO
391,O. Beckham Jr.,WR,NYG,DAL,1.1,O|beckham|NYG
392,P. Strong,RB,GB,MIN,1.1,P|strong|GB
393,J. Horn Jr.,WR,CAR,CHI,1.0,J|horn|CAR
394,W. Shipley,RB,PHI,WAS,1.0,W|shipley|PHI
395,D. Walker,WR,BAL,IND,1.0,D|walker|BAL
396,K. Williams,WR,NE,SEA,1.0,K|williams|NE
397,D. Claiborne,RB,MIN,GB,1.0,D|claiborne|MIN
398,C. Stover,TE,HOU,BUF,1.0,C|stover|HOU
399,I. Thomas,TE,LV,MIA,0.9,I|thomas|LV
400,O. Delp,TE,NO,DET,0.9,O|delp|NO
401,T. Brooks,RB,CIN,TB,0.9,T|brooks|CIN
402,M. Hibner,TE,BAL,IND,0.9,M|hibner|BAL
403,K. Granson,TE,TEN,NYJ,0.9,K|granson|TEN
404,R. Ali,RB,BAL,IND,0.9,R|ali|BAL
405,A. Beck,RB,NYJ,TEN,0.9,A|beck|NYJ
406,M. Corley,WR,CLE,JAX,0.9,M|corley|CLE
407,N. Singleton,RB,TEN,NYJ,0.9,N|singleton|TEN
408,A. Dillon,RB,CAR,CHI,0.8,A|dillon|CAR
409,D. Giddens,RB,IND,BLT,0.8,D|giddens|IND
410,R. Sanders,RB,CLE,JAX,0.8,R|sanders|CLE
411,H. Long,TE,ARI,LAC,0.8,H|long|ARI
412,S. Traore,TE,MIA,LV,0.8,S|traore|MIA
413,J. Bates,TE,WAS,PHI,0.8,J|bates|WAS
414,A. Ogletree,TE,IND,BLT,0.8,A|ogletree|IND
415,S. Moore,WR,GB,MIN,0.8,S|moore|GB
416,C. Ryan,TE,CLE,JAX,0.8,C|ryan|CLE
417,C. Woerner,TE,ATL,PIT,0.8,C|woerner|ATL
418,J. Royals,WR,KC,DEN,0.8,J|royals|KC
419,A. Williams,WR,WAS,PHI,0.8,A|williams|WAS
420,E. Saubert,TE,SEA,NE,0.7,E|saubert|SEA
421,N. Adkins,TE,DEN,KC,0.7,N|adkins|DEN
422,B. Jordan,TE,HOU,BUF,0.7,B|jordan|HOU
423,E. Demercado,RB,DAL,NYG,0.7,E|demercado|DAL
424,P. Durham,TE,TB,CIN,0.7,P|durham|TB
425,R. Tonyan,TE,PIT,ATL,0.7,R|tonyan|PIT
426,J. Brooks,WR,ARI,LAC,0.6,J|brooks|ARI
427,K. Lambert-Smith,WR,LAC,ARZ,0.6,K|lambert-smith|LAC
428,J. Cowing,WR,SF,LA,0.6,J|cowing|SF
429,T. Conklin,TE,DET,NO,0.6,T|conklin|DET
430,L. Treadwell,WR,IND,BLT,0.6,L|treadwell|IND
431,T. Kennedy,WR,DET,NO,0.6,T|kennedy|DET
432,J. Watkins,WR,SF,LA,0.6,J|watkins|SF
433,M. Klein,TE,HOU,BUF,0.6,M|klein|HOU
434,B. Skowronek,WR,PIT,ATL,0.5,B|skowronek|PIT
435,J. Moreno-Cropper,WR,NO,DET,0.5,J|moreno-cropper|NO
436,A. Prentice,RB,DEN,KC,0.5,A|prentice|DEN
437,D. Davis,WR,LAC,ARZ,0.5,D|davis|LAC
438,L. Larison,RB,NE,SEA,0.5,L|larison|NE
439,T. Patrick,WR,NYJ,TEN,0.5,T|patrick|NYJ
440,D. Burks,WR,IND,BLT,0.4,D|burks|IND
441,A. Smith,WR,NYJ,TEN,0.4,A|smith|NYJ
442,J. James,RB,SF,LA,0.4,J|james|SF
443,C. Williams,WR,JAC,CLV,0.4,C|williams|JAC
444,E. Sarratt,WR,BAL,IND,0.4,E|sarratt|BAL
445,P. Ricard,RB,NYG,DAL,0.4,P|ricard|NYG
446,D. Brown,WR,WAS,PHI,0.4,D|brown|WAS
447,T. Koziol,TE,JAC,CLV,0.4,T|koziol|JAC
448,E. Moore,WR,PHI,WAS,0.4,E|moore|PHI
449,E. Stowers,TE,PHI,WAS,0.4,E|stowers|PHI
450,J. Joly,TE,MIA,LV,0.4,J|joly|MIA
451,S. Fehoko,WR,ARI,LAC,0.4,S|fehoko|ARI
452,J. Wayne,WR,HOU,BUF,0.4,J|wayne|HOU
453,J. Endries,TE,CIN,TB,0.4,J|endries|CIN
454,D. Young,WR,LV,MIA,0.4,D|young|LV
455,C. Blair,WR,ATL,PIT,0.3,C|blair|ATL
456,R. Rivers,RB,LAR,SF,0.3,R|rivers|LAR
457,J. Wiley,TE,KC,DEN,0.3,J|wiley|KC
458,D. Duvernay,WR,ARI,LAC,0.3,D|duvernay|ARI
459,B. Brooks,RB,HOU,BUF,0.3,B|brooks|HOU
460,B. Yurosek,TE,MIN,GB,0.3,B|yurosek|MIN
461,R. Miller,WR,MIA,LV,0.3,R|miller|MIA
462,D. Cooper,WR,PHI,WAS,0.3,D|cooper|PHI
463,D. Martin-Robinson,TE,TEN,NYJ,0.3,D|martin-robinson|TEN
464,T. Goodson,RB,ATL,PIT,0.3,T|goodson|ATL
465,B. Tremayne,WR,CAR,CHI,0.2,B|tremayne|CAR
466,Q. Morris,TE,JAC,CLV,0.2,Q|morris|JAC
467,M. Burton,RB,CLE,JAX,0.2,M|burton|CLE
468,L. Wester,WR,BAL,IND,0.2,L|wester|BAL
469,M. Foster Jr,WR,SEA,NE,0.2,M|foster|SEA
470,T. Fidone II,TE,NYG,DAL,0.2,T|fidone|NYG
471,K. Johnson,WR,TB,CIN,0.2,K|johnson|TB
472,J. Michael Sturdivant,WR,GB,MIN,0.2,J|michael sturdivant|GB
473,C. Yankoff,TE,WAS,PHI,0.2,C|yankoff|WAS
474,C. Manhertz,TE,NYG,DAL,0.2,C|manhertz|NYG
475,J. Mingo,WR,DAL,NYG,0.2,J|mingo|DAL
476,T. Wallace,WR,CLE,JAX,0.2,T|wallace|CLE
477,B. Willis,TE,SF,LA,0.2,B|willis|SF
478,C. Latu,TE,NE,SEA,0.2,C|latu|NE
479,J. Woods,TE,NYJ,TEN,0.2,J|woods|NYJ
480,J. Cameron,WR,JAC,CLV,0.2,J|cameron|JAC
481,T. Arkin,TE,NE,SEA,0.2,T|arkin|NE
482,K. Williams,WR,CIN,TB,0.2,K|williams|CIN
483,R. Gilliam,RB,NE,SEA,0.1,R|gilliam|NE
484,D. Herman,RB,MIA,LV,0.1,D|herman|MIA
485,K. Kieft,TE,TB,CIN,0.1,K|kieft|TB
486,K. Wetjen,WR,PIT,ATL,0.1,K|wetjen|PIT
487,E. Jenkins,TE,PHI,WAS,0.1,E|jenkins|PHI
488,K. Latu,TE,BUF,HST,0.1,K|latu|BUF
489,M. Redman,TE,GB,MIN,0.1,M|redman|GB
490,N. Kallerup,TE,SEA,NE,0.0,N|kallerup|SEA
491,F. Franks,TE,CAR,CHI,0.0,F|franks|CAR
492,J. Briningstool,TE,KC,DEN,0.0,J|briningstool|KC
493,S. Sanders,QB,CLE,JAX,0.0,S|sanders|CLE
494,T. Henderson,RB,NE,SEA,0.0,T|henderson|NE
495,J. Jacobs,RB,GB,MIN,0.0,J|jacobs|GB
496,M. Penix Jr.,QB,ATL,PIT,0.0,M|penix|ATL
497,D. Bentley,TE,DEN,KC,0.0,D|bentley|DEN
498,J. Milroe,QB,SEA,NE,0.0,J|milroe|SEA
499,T. Atwell,WR,LAR,SF,0.0,T|atwell|LAR
500,E. Chism III,WR,NE,SEA,0.0,E|chism|NE
501,C. Daniels,WR,LAR,SF,0.0,C|daniels|LAR
502,J. Meeks,TE,DET,NO,0.0,J|meeks|DET
503,T. Badie,RB,DEN,KC,0.0,T|badie|DEN
504,R. White III,WR,SEA,NE,0.0,R|white|SEA
505,B. Sharp,TE,TB,CIN,0.0,B|sharp|TB
506,C. Brown,WR,DAL,NYG,0.0,C|brown|DAL
507,L. Jackson,WR,DET,NO,0.0,L|jackson|DET
508,R. Ouzts,RB,SEA,NE,0.0,R|ouzts|SEA
509,J. Chestnut,RB,TEN,NYJ,0.0,J|chestnut|TEN
510,G. Bartholomew,TE,MIN,GB,0.0,G|bartholomew|MIN
511,M. Klare,TE,LAR,SF,0.0,M|klare|LAR
512,R. Virgil,WR,ARI,LAC,0.0,R|virgil|ARI
513,Z. Charbonnet,RB,SEA,NE,0.0,Z|charbonnet|SEA
514,D. Singletary,RB,NYG,DAL,0.0,D|singletary|NYG
515,L. Humphrey,WR,DEN,KC,0.0,L|humphrey|DEN
516,I. Pacheco,RB,DET,NO,0.0,I|pacheco|DET
517,J. Small,RB,DET,NO,0.0,J|small|DET
518,T. Dell,WR,HOU,BUF,0.0,T|dell|HOU
519,J. Hill,TE,NE,SEA,0.0,J|hill|NE
520,A. Kamara,RB,NO,DET,0.0,A|kamara|NO
521,L. Allen Jr.,RB,JAC,CLV,-0.0,L|allen|JAC
522,M. Price,WR,MIN,GB,-0.0,M|price|MIN
523,K. Nwangwu,RB,NYJ,TEN,-0.0,K|nwangwu|NYJ
524,J. Lane,WR,WAS,PHI,-0.0,J|lane|WAS
525,D. Meyers,WR,CIN,TB,-0.0,D|meyers|CIN
526,N. Remigio,WR,KC,DEN,-0.1,N|remigio|KC
