year,timeframe,name,position,nfl_team,opp,bye_week,rost_pct,fpts
2026,restofseason,Spencer Shrader,K,IND,BAL,13,50.0,152.0
2026,restofseason,Falcons,DST,ATL,@PIT,11,35.0,136.3
2026,restofseason,Nick Folk,K,ATL,@PIT,11,15.0,131.0
2026,restofseason,Blake Grupe,K,NYJ,@TEN,13,18.0,122.0
2026,restofseason,Daniel Carlson,K,NO,@DET,8,6.0,122.0
2026,restofseason,Joey Slye,K,TEN,NYJ,9,12.0,120.0
2026,restofseason,Riley Patterson,K,MIA,@LV,6,2.0,119.0
2026,restofseason,Saints,DST,NO,@DET,8,24.0,118.2
2026,restofseason,Bills,DST,BUF,@HOU,7,35.0,117.9
2026,restofseason,Bengals,DST,CIN,TB,6,9.0,117.4
2026,restofseason,Jake Elliott,K,PHI,WAS,10,14.0,117.0
2026,restofseason,Drew Stevens,K,WAS,@PHI,7,3.0,116.0
2026,restofseason,Dolphins,DST,MIA,@LV,6,7.0,114.7
2026,restofseason,Titans,DST,TEN,NYJ,9,12.0,114.6
2026,restofseason,Chad Ryland,K,ARI,@LAC,14,4.0,113.0
2026,restofseason,Chris Boswell,K,PIT,ATL,9,28.0,110.0
2026,restofseason,Raiders,DST,LV,MIA,13,9.0,107.4
2026,restofseason,Buccaneers,DST,TB,@CIN,10,12.0,106.6
2026,restofseason,Commanders,DST,WAS,@PHI,7,5.0,103.9
2026,restofseason,Ryan Fitzgerald,K,CAR,CHI,5,2.0,103.0
2026,restofseason,Colts,DST,IND,BAL,13,9.0,102.9
2026,restofseason,Panthers,DST,CAR,CHI,5,6.0,100.7
2026,restofseason,Andre Szmyt,K,CLE,@JAC,11,2.0,100.0
2026,restofseason,Giants,DST,NYG,DAL,8,17.0,98.8
2026,restofseason,Matt Gay,K,LV,MIA,13,6.0,98.0
2026,restofseason,Cardinals,DST,ARI,@LAC,14,4.0,96.5
2026,restofseason,Jets,DST,NYJ,@TEN,13,7.0,92.1
2026,restofseason,Ben Sauls,K,NYG,DAL,8,1.0,77.0
2026,restofseason,Dominic Zvada,K,NYG,DAL,8,5.0,27.0
2026,restofseason,Elic Ayomanor,WR,TEN,NYJ,9,6.0,7.51
2026,restofseason,Calvin Ridley,WR,TEN,NYJ,9,32.0,7.01
2026,restofseason,Marquise Brown,WR,PHI,WAS,10,7.0,6.81
2026,restofseason,Darren Waller,TE,CAR,CHI,5,11.0,6.81
2026,restofseason,Jalen Nailor,WR,LV,MIA,13,25.0,6.81
2026,restofseason,David Njoku,TE,LAC,ARI,7,11.0,6.51
2026,restofseason,Chimere Dike,WR,TEN,NYJ,9,4.0,6.41
2026,restofseason,Kayshon Boutte,WR,HOU,BUF,8,35.0,6.11
2026,restofseason,Brenton Strange,TE,JAC,CLE,7,63.0,6.11
2026,restofseason,Pat Freiermuth,TE,PIT,ATL,9,11.0,6.11
2026,restofseason,Jalen McMillan,WR,TB,@CIN,10,18.0,6.11
2026,restofseason,Mason Taylor,TE,NYJ,@TEN,13,5.0,6.11
2026,restofseason,Omar Cooper Jr.,WR,NYJ,@TEN,13,14.0,6.01
2026,restofseason,Brock Wright,TE,DET,NO,6,1.0,5.81
2026,restofseason,Troy Franklin,WR,DEN,@KC,10,10.0,5.41
2026,restofseason,Cooper Kupp,WR,SEA,NE,11,26.0,5.41
2026,restofseason,Cade Otton,TE,TB,@CIN,10,25.0,5.41
2026,restofseason,Mike Gesicki,TE,CIN,TB,6,4.0,5.41
2026,restofseason,Keenan Allen,WR,IND,BAL,13,37.0,5.41
2026,restofseason,Oronde Gadsden II,TE,LAC,ARI,7,14.0,5.41
2026,restofseason,Devaughn Vele,WR,NO,@DET,8,6.0,5.41
2026,restofseason,Germie Bernard,WR,PIT,ATL,9,8.0,5.31
2026,restofseason,Rashid Shaheed,WR,SEA,NE,11,65.0,5.31
2026,restofseason,Bryce Lance,WR,NO,@DET,8,7.0,5.31
2026,restofseason,Malik Benson,WR,LV,MIA,13,3.0,5.31
2026,restofseason,Denzel Boston,WR,CLE,@JAC,11,50.0,5.31
2026,restofseason,Adonai Mitchell,WR,NYJ,@TEN,13,15.0,5.31
2026,restofseason,Colby Parkinson,TE,LAR,SF,11,6.0,5.11
2026,restofseason,Theo Johnson,TE,NYG,DAL,8,3.0,5.11
2026,restofseason,Terrance Ferguson,TE,LAR,SF,11,25.0,5.11
2026,restofseason,Malik Washington,WR,MIA,@LV,6,18.0,4.91
2026,restofseason,Tyjae Spears,RB,TEN,NYJ,9,57.0,4.8
2026,restofseason,Chigoziem Okonkwo,TE,WAS,@PHI,7,27.0,4.7
2026,restofseason,Antonio Williams,WR,WAS,@PHI,7,11.0,4.6
2026,restofseason,Dontayvion Wicks,WR,PHI,WAS,10,15.0,4.41
2026,restofseason,Jalen Tolbert,WR,MIA,@LV,6,1.0,4.41
2026,restofseason,Andrei Iosivas,WR,CIN,TB,6,2.0,4.41
2026,restofseason,Xavier Hutchinson,WR,HOU,BUF,8,2.0,4.41
2026,restofseason,Xavier Legette,WR,CAR,CHI,5,2.0,4.41
2026,restofseason,Gunnar Helm,TE,TEN,NYJ,9,5.0,4.41
2026,restofseason,Tyler Higbee,TE,LAR,SF,11,2.0,4.41
2026,restofseason,Jaylin Noel,WR,HOU,BUF,8,5.0,4.41
2026,restofseason,Will Kacmarek,TE,MIA,@LV,6,1.0,4.31
2026,restofseason,Caleb Douglas,WR,MIA,@LV,6,28.0,4.31
2026,restofseason,Zavion Thomas,WR,CHI,@CAR,10,5.0,4.31
2026,restofseason,Ted Hurst,WR,TB,@CIN,10,9.0,4.3
2026,restofseason,Charlie Kolar,TE,LAC,ARI,7,1.0,4.11
2026,restofseason,Jahdae Walker,WR,CHI,@CAR,10,1.0,4.11
2026,restofseason,Isaac TeSlaa,WR,DET,NO,6,8.0,4.11
2026,restofseason,Malachi Fields,WR,NYG,DAL,8,25.0,4.01
2026,restofseason,Kimani Vidal,RB,LAC,ARI,7,14.0,3.9
2026,restofseason,Ashton Dulin,WR,IND,BAL,13,1.0,3.7
2026,restofseason,Michael Mayer,TE,LV,MIA,13,2.0,3.7
2026,restofseason,Evan Engram,TE,DEN,@KC,10,8.0,3.7
2026,restofseason,Olamide Zaccheaus,WR,ATL,@PIT,11,1.0,3.7
2026,restofseason,Darnell Washington,TE,PIT,ATL,9,2.0,3.6
2026,restofseason,Noah Fant,TE,NO,@DET,8,1.0,3.5
2026,restofseason,George Holani,RB,SEA,NE,11,8.0,3.5
2026,restofseason,Ben Skowronek,WR,PIT,ATL,9,1.0,3.41
2026,restofseason,Daniel Bellinger,TE,TEN,NYJ,9,1.0,3.41
2026,restofseason,Tyquan Thornton,WR,KC,DEN,5,3.0,3.41
2026,restofseason,Demarcus Robinson,WR,SF,@LAR,8,1.0,3.41
2026,restofseason,Eli Stowers,TE,PHI,WAS,10,5.0,3.31
2026,restofseason,Roman Wilson,WR,PIT,ATL,9,2.0,3.31
2026,restofseason,Emanuel Wilson,RB,SEA,NE,11,6.0,3.2
2026,restofseason,Isaiah Bond,WR,CLE,@JAC,11,1.0,2.7
2026,restofseason,Devontez Walker,WR,BAL,@IND,13,1.0,2.7
2026,restofseason,Dawson Knox,TE,BUF,@HOU,7,2.0,2.7
2026,restofseason,Kendrick Bourne,WR,ARI,@LAC,14,1.0,2.7
2026,restofseason,Josh Palmer,WR,BUF,@HOU,7,1.0,2.7
2026,restofseason,Darnell Mooney,WR,NYG,DAL,8,3.0,2.7
2026,restofseason,Zachariah Branch,WR,ATL,@PIT,11,9.0,2.6
2026,restofseason,Jalen Brooks,WR,ARI,@LAC,14,1.0,2.5
2026,restofseason,Jaylen Wright,RB,MIA,@LV,6,9.0,2.5
2026,restofseason,Justice Hill,RB,BAL,@IND,13,17.0,1.9
2026,restofseason,Erick All,TE,CIN,TB,6,1.0,1.7
2026,restofseason,Tez Johnson,WR,TB,@CIN,10,2.0,1.41
2026,restofseason,Josh Oliver,TE,MIN,GB,6,1.0,1.41
2026,restofseason,Davis Allen,TE,LAR,SF,11,1.0,1.41
2026,restofseason,Luke McCaffrey,WR,WAS,@PHI,7,2.0,1.4
2026,restofseason,Ty Johnson,RB,BUF,@HOU,7,4.0,1.3
2026,restofseason,Connor Heyward,TE,LV,MIA,13,1.0,1.3
2026,restofseason,Ty Simpson,QB,LAR,SF,11,6.0,1.21
2026,restofseason,Kendre Miller,RB,NO,@DET,8,2.0,1.2
2026,restofseason,Roschon Johnson,RB,CHI,@CAR,10,3.0,1.2
2026,restofseason,Bauer Sharp,TE,TB,@CIN,10,1.0,0.7
2026,restofseason,Rasheen Ali,RB,BAL,@IND,13,1.0,0.7
2026,restofseason,Kameron Johnson,WR,TB,@CIN,10,1.0,0.7
2026,restofseason,Brycen Tremayne,WR,CAR,CHI,5,1.0,0.7
2026,restofseason,Tanner Koziol,TE,JAC,CLE,7,1.0,0.7
2026,restofseason,Kaden Wetjen,WR,PIT,ATL,9,1.0,0.7
2026,restofseason,Mack Hollins,WR,NE,@SEA,11,1.0,0.7
2026,restofseason,Kalif Raymond,WR,CHI,@CAR,10,1.0,0.7
2026,restofseason,Montorie Foster Jr.,WR,SEA,NE,11,1.0,0.7
2026,restofseason,Max Klare,TE,LAR,SF,11,2.0,0.7
2026,restofseason,Kyle Juszczyk,RB,SF,@LAR,8,1.0,0.7
2026,restofseason,Matthew Hibner,TE,BAL,@IND,13,1.0,0.7
2026,restofseason,Jahan Dotson,WR,ATL,@PIT,11,1.0,0.7
2026,restofseason,Elijah Higgins,TE,ARI,@LAC,14,1.0,0.7
2026,restofseason,Tommy Tremble,TE,CAR,CHI,5,1.0,0.7
2026,restofseason,Jake Tonges,TE,SF,@LAR,8,3.0,0.7
2026,restofseason,Jeremy Ruckert,TE,NYJ,@TEN,13,1.0,0.7
2026,restofseason,Adam Trautman,TE,DEN,@KC,10,1.0,0.7
2026,restofseason,Luke Schoonmaker,TE,DAL,@NYG,14,1.0,0.7
2026,restofseason,Jackson Meeks,WR,DET,NO,6,1.0,0.7
2026,restofseason,Jack Bech,WR,LV,MIA,13,3.0,0.7
2026,restofseason,Tai Felton,WR,MIN,GB,6,1.0,0.7
2026,restofseason,Arian Smith,WR,NYJ,@TEN,13,1.0,0.7
2026,restofseason,Pat Bryant,WR,DEN,@KC,10,7.0,0.7
2026,restofseason,Nate Boerkircher,TE,JAC,CLE,7,1.0,0.7
2026,restofseason,Cole Kmet,TE,CHI,@CAR,10,2.0,0.7
2026,restofseason,Brevyn Spann-Ford,TE,DAL,@NYG,14,1.0,0.7
2026,restofseason,CJ Daniels,WR,LAR,SF,11,1.0,0.7
2026,restofseason,Hunter Long,TE,ARI,@LAC,14,1.0,0.7
2026,restofseason,Austin Hooper,TE,ATL,@PIT,11,1.0,0.7
2026,restofseason,Josh Cuevas,TE,BAL,@IND,13,1.0,0.7
2026,restofseason,Ryan Miller,WR,MIA,@LV,6,1.0,0.7
2026,restofseason,Jelani Woods,TE,NYJ,@TEN,13,1.0,0.7
2026,restofseason,Lil'Jordan Humphrey,WR,DEN,@KC,10,1.0,0.7
2026,restofseason,Foster Moreau,TE,HOU,BUF,8,1.0,0.7
2026,restofseason,Tutu Atwell,WR,LAR,SF,11,1.0,0.7
2026,restofseason,Konata Mumpfield,WR,LAR,SF,11,1.0,0.7
2026,restofseason,Tre Harris,WR,LAC,ARI,7,8.0,0.7
2026,restofseason,Nate Adkins,TE,DEN,@KC,10,1.0,0.7
2026,restofseason,Demario Douglas,WR,NE,@SEA,11,2.0,0.7
2026,restofseason,Keon Coleman,WR,BUF,@HOU,7,5.0,0.7
2026,restofseason,Josh Cameron,WR,JAC,CLE,7,1.0,0.7
2026,restofseason,Jordan Whittington,WR,LAR,SF,11,1.0,0.7
2026,restofseason,Kyle Williams,WR,NE,@SEA,11,3.0,0.7
2026,restofseason,Drew Sample,TE,CIN,TB,6,1.0,0.7
2026,restofseason,Tim Patrick,WR,NYJ,@TEN,13,1.0,0.7
2026,restofseason,Payne Durham,TE,TB,@CIN,10,1.0,0.7
2026,restofseason,Odell Beckham Jr.,WR,NYG,DAL,8,4.0,0.7
2026,restofseason,John Bates,TE,WAS,@PHI,7,1.0,0.7
2026,restofseason,Charlie Woerner,TE,ATL,@PIT,11,1.0,0.7
2026,restofseason,Andrew Beck,RB,NYJ,@TEN,13,1.0,0.7
2026,restofseason,Tylan Wallace,WR,CLE,@JAC,11,1.0,0.7
2026,restofseason,Cade Stover,TE,HOU,BUF,8,1.0,0.7
2026,restofseason,Colbie Young,WR,CIN,TB,6,1.0,0.7
2026,restofseason,Jack Endries,TE,CIN,TB,6,1.0,0.7
2026,restofseason,Jackson Hawes,TE,BUF,@HOU,7,1.0,0.7
2026,restofseason,Mitchell Evans,TE,CAR,CHI,5,1.0,0.7
2026,restofseason,Ja'Tavion Sanders,TE,CAR,CHI,5,1.0,0.7
2026,restofseason,Sam Roush,TE,CHI,@CAR,10,1.0,0.7
2026,restofseason,KeAndre Lambert-Smith,WR,LAC,ARI,7,1.0,0.7
2026,restofseason,Ben Sinnott,TE,WAS,@PHI,7,1.0,0.7
2026,restofseason,Brenen Thompson,WR,LAC,ARI,7,2.0,0.7
2026,restofseason,Xavier Smith,WR,LAR,SF,11,1.0,0.7
2026,restofseason,Chris Manhertz,TE,NYG,DAL,8,1.0,0.7
2026,restofseason,Kevin Coleman Jr.,WR,MIA,@LV,6,1.0,0.7
2026,restofseason,Brashard Smith,RB,KC,DEN,5,2.0,0.7
2026,restofseason,Andrew Ogletree,TE,IND,BAL,13,1.0,0.7
2026,restofseason,Thomas Fidone II,TE,NYG,DAL,8,1.0,0.7
2026,restofseason,Marvin Mims,WR,DEN,@KC,10,2.0,0.7
2026,restofseason,Eli Raridon,TE,NE,@SEA,11,3.0,0.7
2026,restofseason,Treylon Burks,WR,WAS,@PHI,7,1.0,0.7
2026,restofseason,John Metchie III,WR,CAR,CHI,5,1.0,0.7
2026,restofseason,Cade Klubnik,QB,NYJ,@TEN,13,2.0,0.6
2026,restofseason,LaJohntay Wester,WR,BAL,@IND,13,1.0,0.6
2026,restofseason,Quinn Ewers,QB,JAC,CLE,7,1.0,0.6
2026,restofseason,Spencer Rattler,QB,NO,@DET,8,1.0,0.6
2026,restofseason,Jacob Saylors,RB,DET,NO,6,5.0,0.6
2026,restofseason,Raheim Sanders,RB,CLE,@JAC,11,1.0,0.6
2026,restofseason,Elijah Moore,WR,PHI,WAS,10,1.0,0.6
2026,restofseason,Jaylin Lane,WR,WAS,@PHI,7,1.0,0.6
2026,restofseason,Davis Mills,QB,HOU,BUF,8,1.0,0.6
2026,restofseason,KaVontae Turpin,WR,DAL,@NYG,14,2.0,0.6
2026,restofseason,Marlin Klein,TE,HOU,BUF,8,2.0,0.6
2026,restofseason,Gardner Minshew,QB,ARI,@LAC,14,1.0,0.6
2026,restofseason,Drew Lock,QB,SEA,NE,11,1.0,0.6
2026,restofseason,Chris Bell,WR,MIA,@LV,6,26.0,0.6
2026,restofseason,Cole Payton,QB,PHI,WAS,10,1.0,0.6
2026,restofseason,Sam Howell,QB,DAL,@NYG,14,1.0,0.6
2026,restofseason,Seth McGowan,RB,IND,BAL,13,8.0,0.6
2026,restofseason,Kyle McCord,QB,MIA,@LV,6,1.0,0.6
2026,restofseason,Joe Flacco,QB,CIN,TB,6,2.0,0.6
2026,restofseason,Ollie Gordon II,RB,MIA,@LV,6,3.0,0.6
2026,restofseason,Isaiah Davis,RB,NYJ,@TEN,13,2.0,0.6
2026,restofseason,Jalon Daniels,QB,TB,@CIN,10,1.0,0.6
2026,restofseason,Mason Rudolph,QB,PIT,ATL,9,1.0,0.6
2026,restofseason,Brady Cook,QB,MIA,@LV,6,1.0,0.6
2026,restofseason,Demond Claiborne,RB,MIN,GB,6,7.0,0.6
2026,restofseason,Devin Singletary,RB,NYG,DAL,8,2.0,0.6
2026,restofseason,Zonovan Knight,RB,ARI,@LAC,14,1.0,0.6
2026,restofseason,Anthony Richardson,QB,IND,BAL,13,2.0,0.6
2026,restofseason,Kenny Pickett,QB,CAR,CHI,5,1.0,0.6
2026,restofseason,Tyler Huntley,QB,BAL,@IND,13,1.0,0.6
2026,restofseason,Michael Burton,RB,CLE,@JAC,11,1.0,0.6
2026,restofseason,Tanner McKee,QB,PHI,WAS,10,1.0,0.6
2026,restofseason,Tyrod Taylor,QB,GB,@MIN,11,1.0,0.6
2026,restofseason,Mitch Trubisky,QB,TEN,NYJ,9,1.0,0.6
2026,restofseason,Justin Fields,QB,KC,DEN,5,3.0,0.6
2026,restofseason,Corey Kiner,RB,NE,@SEA,11,1.0,0.6
2026,restofseason,Sean Tucker,RB,TB,@CIN,10,5.0,0.6
2026,restofseason,J.J. McCarthy,QB,MIN,GB,6,3.0,0.6
2026,restofseason,Ke'Shawn Williams,WR,CIN,TB,6,1.0,0.6
2026,restofseason,Joshua Dobbs,QB,DET,NO,6,1.0,0.6
2026,restofseason,Stetson Bennett,QB,LAR,SF,11,1.0,0.6
2026,restofseason,Nicholas Singleton,RB,TEN,NYJ,9,12.0,0.6
2026,restofseason,Derius Davis,WR,LAC,ARI,7,1.0,0.6
2026,restofseason,Jarrett Stidham,QB,DEN,@KC,10,1.0,0.6
2026,restofseason,Isaiah Williams,WR,NYJ,@TEN,13,1.0,0.6
2026,restofseason,Cooper Rush,QB,ATL,@PIT,11,1.0,0.6
2026,restofseason,Jameis Winston,QB,NYG,DAL,8,2.0,0.6
2026,restofseason,Eli Heidenreich,RB,PIT,ATL,9,2.0,0.6
2026,restofseason,Marcus Mariota,QB,WAS,@PHI,7,2.0,0.3
2026,restofseason,Mac Jones,QB,SF,@LAR,8,3.0,0.3
2026,restofseason,Dylan Laube,RB,LV,MIA,13,1.0,0.3
2026,restofseason,Travis Vokolek,TE,ARI,@LAC,14,1.0,0.0
2026,restofseason,Tyler Davis,WR,MIA,@LV,6,0.0,0.0
2026,restofseason,CJ Williams,WR,JAC,CLE,7,1.0,0.0
2026,restofseason,Otis Anderson,RB,LAR,SF,11,1.0,0.0
2026,restofseason,Chase Roberts,WR,LV,MIA,13,1.0,0.0
2026,restofseason,Theo Wease Jr.,WR,LAC,ARI,7,1.0,0.0
2026,restofseason,Keshunn Abram,WR,NYJ,@TEN,13,1.0,0.0
2026,restofseason,Donald Parham Jr.,TE,PIT,ATL,9,1.0,0.0
2026,restofseason,Tyler Davis,TE,NE,@SEA,11,1.0,0.0
2026,restofseason,Duece Watts,WR,PIT,ATL,9,0.0,0.0
2026,restofseason,Jontre Kirklin,WR,SF,@LAR,8,1.0,0.0
2026,restofseason,Jaaron Hayek,WR,KC,DEN,5,1.0,0.0
2026,restofseason,Tyshaun James,WR,ATL,@PIT,11,0.0,0.0
2026,restofseason,Kevin Harris,RB,JAC,CLE,7,1.0,0.0
2026,restofseason,Heinrich Haarberg,TE,CAR,CHI,5,1.0,0.0
2026,restofseason,Tanner Arkin,TE,NE,@SEA,11,1.0,0.0
2026,restofseason,Drew Biber,TE,CLE,@JAC,11,1.0,0.0
2026,restofseason,Changa Hodge,WR,ARI,@LAC,14,1.0,0.0
2026,restofseason,Rashod Owens,WR,CIN,TB,6,1.0,0.0
2026,restofseason,Tay Martin,WR,DET,NO,6,1.0,0.0
2026,restofseason,Tyler Mabry,TE,CAR,CHI,5,1.0,0.0
2026,restofseason,Myles Gaskin,RB,SEA,NE,11,1.0,0.0
2026,restofseason,Eli Stove,WR,LAC,ARI,7,1.0,0.0
2026,restofseason,Anthony Ratliff-Williams,WR,SEA,NE,11,1.0,0.0
2026,restofseason,Diontae Johnson,WR,CLE,@JAC,11,1.0,0.0
2026,restofseason,Nick Brossette,RB,DET,NO,6,1.0,0.0
2026,restofseason,Devin Leary,QB,BAL,@IND,13,1.0,0.0
2026,restofseason,Xavier Johnson,WR,CIN,TB,6,1.0,0.0
2026,restofseason,Brock Rechsteiner,WR,NO,@DET,8,1.0,0.0
2026,restofseason,Xavier Turner,RB,SEA,NE,11,1.0,0.0
2026,restofseason,Barion Brown,WR,NO,@DET,8,1.0,0.0
2026,restofseason,Payton Thorne,QB,CIN,TB,6,1.0,0.0
2026,restofseason,Mike Boone,RB,MIA,@LV,6,1.0,0.0
2026,restofseason,Qadir Ismail,TE,CHI,@CAR,10,0.0,0.0
2026,restofseason,Keith Kirkwood,WR,BAL,@IND,13,1.0,0.0
2026,restofseason,Kearis Jackson,WR,HOU,BUF,8,1.0,0.0
2026,restofseason,Will Dissly,TE,LAC,ARI,7,1.0,0.0
2026,restofseason,Jaleel McLaughlin,RB,CLE,@JAC,11,1.0,0.0
2026,restofseason,John Paddock,QB,ATL,@PIT,11,0.0,0.0
2026,restofseason,Jalen McCleskey,WR,NO,@DET,8,1.0,0.0
2026,restofseason,Skyy Moore,WR,GB,@MIN,11,1.0,0.0
2026,restofseason,Christian Trahan,TE,CIN,TB,6,1.0,0.0
2026,restofseason,JJ Galbreath,TE,IND,BAL,13,1.0,0.0
2026,restofseason,Jalen Virgil,WR,BUF,@HOU,7,1.0,0.0
2026,restofseason,Chase Garbers,QB,LV,MIA,13,1.0,0.0
2026,restofseason,Jadon Haselwood,WR,PHI,WAS,10,1.0,0.0
2026,restofseason,De'Mornay Pierson-El,WR,DEN,@KC,10,1.0,0.0
2026,restofseason,Damion Jeanpiere,WR,CAR,CHI,5,0.0,0.0
2026,restofseason,DeeJay Dallas,RB,MIN,GB,6,1.0,0.0
2026,restofseason,Devante Davis,WR,PHI,WAS,10,1.0,0.0
2026,restofseason,Bailey Gaither,WR,BAL,@IND,13,1.0,0.0
2026,restofseason,Jermaine Terry II,TE,CLE,@JAC,11,1.0,0.0
2026,restofseason,Christopher Ezeala,RB,BAL,@IND,13,0.0,0.0
2026,restofseason,Warren Jackson,WR,LAR,SF,11,1.0,0.0
2026,restofseason,Dean Connors,RB,LAR,SF,11,1.0,0.0
2026,restofseason,Ben Johnson,TE,LAC,ARI,7,1.0,0.0
2026,restofseason,Ty Pezza,TE,BAL,@IND,13,1.0,0.0
2026,restofseason,Darius Clark,RB,CAR,CHI,5,1.0,0.0
2026,restofseason,J'Mari Taylor,RB,JAC,CLE,7,1.0,0.0
2026,restofseason,Kameron Brown,WR,TB,@CIN,10,1.0,0.0
2026,restofseason,Stevo Klotz,TE,LAC,ARI,7,1.0,0.0
2026,restofseason,Kendric Pryor,WR,CIN,TB,6,0.0,0.0
2026,restofseason,AJ Dillon,RB,CAR,CHI,5,3.0,0.0
2026,restofseason,Tanner Taula,TE,TB,@CIN,10,1.0,0.0
2026,restofseason,Terique Owens,WR,SF,@LAR,8,1.0,0.0
2026,restofseason,Joseph Scates,WR,JAC,CLE,7,1.0,0.0
2026,restofseason,Dallin Holker,TE,NO,@DET,8,1.0,0.0
2026,restofseason,Lincoln Victor,WR,DEN,@KC,10,1.0,0.0
2026,restofseason,Jacob Warren,TE,NE,@SEA,11,1.0,0.0
2026,restofseason,Kole Wilson,WR,CLE,@JAC,11,1.0,0.0
2026,restofseason,Ryan McDaniel,WR,JAC,CLE,7,1.0,0.0
2026,restofseason,Dean Patterson,WR,TB,@CIN,10,1.0,0.0
2026,restofseason,Will Mallory,TE,IND,BAL,13,1.0,0.0
2026,restofseason,Casey Washington,WR,CAR,CHI,5,1.0,0.0
2026,restofseason,Darece Roberson Jr.,WR,SEA,NE,11,1.0,0.0
2026,restofseason,Matthew Henry,WR,TB,@CIN,10,0.0,0.0
2026,restofseason,Griffin Hebert,TE,PHI,WAS,10,1.0,0.0
2026,restofseason,TJ Harden,RB,SEA,NE,11,1.0,0.0
2026,restofseason,Ayir Asante,WR,NYG,DAL,8,1.0,0.0
2026,restofseason,Tayvion Robinson,WR,CAR,CHI,5,1.0,0.0
2026,restofseason,Jaheim Bell,TE,PIT,ATL,9,1.0,0.0
2026,restofseason,Jeff Foreman,WR,LV,MIA,13,1.0,0.0
2026,restofseason,Slade Bolden,WR,ATL,@PIT,11,1.0,0.0
2026,restofseason,Israel Abanikanda,RB,DAL,@NYG,14,1.0,0.0
2026,restofseason,Ulysses Bentley IV,RB,IND,BAL,13,1.0,0.0
2026,restofseason,Keric Wheatfall,WR,PHI,WAS,10,0.0,0.0
2026,restofseason,Anderson Castle,RB,IND,BAL,13,1.0,0.0
2026,restofseason,Tank Dell,WR,HOU,BUF,8,21.0,0.0
2026,restofseason,Anthony Hankerson,RB,SEA,NE,11,1.0,0.0
2026,restofseason,Harrison Bryant,TE,SEA,NE,11,1.0,0.0
2026,restofseason,Justyn Ross,WR,KC,DEN,5,1.0,0.0
2026,restofseason,Jordan Murray,TE,CHI,@CAR,10,0.0,0.0
2026,restofseason,Travis Koontz,TE,LV,MIA,13,0.0,0.0
2026,restofseason,Trishton Jackson,WR,ARI,@LAC,14,1.0,0.0
2026,restofseason,Chris Evans,RB,CIN,TB,6,1.0,0.0
2026,restofseason,Keilan Robinson,RB,NYJ,@TEN,13,1.0,0.0
2026,restofseason,Jaydn Ott,RB,KC,DEN,5,1.0,0.0
2026,restofseason,Lan Larison,RB,NE,@SEA,11,1.0,0.0
2026,restofseason,Mante Morrow,WR,LAC,ARI,7,1.0,0.0
2026,restofseason,Braxton Westfield,WR,IND,BAL,13,1.0,0.0
2026,restofseason,Derrick Deese Jr.,TE,DET,NO,6,0.0,0.0
2026,restofseason,Mikey Daniel,RB,CAR,CHI,5,0.0,0.0
2026,restofseason,Dae'Quan Wright,TE,CLE,@JAC,11,1.0,0.0
2026,restofseason,Jalen White,RB,GB,@MIN,11,1.0,0.0
2026,restofseason,Carson Wentz,QB,MIN,GB,6,1.0,0.0
2026,restofseason,Dylan Soehner,TE,NO,@DET,8,1.0,0.0
2026,restofseason,Tyren Montgomery,WR,TEN,NYJ,9,1.0,0.0
2026,restofseason,Carsen Ryan,TE,CLE,@JAC,11,1.0,0.0
2026,restofseason,Gunnar Oakes,TE,DET,NO,6,1.0,0.0
2026,restofseason,Alexander Mattison,RB,MIA,@LV,6,1.0,0.0
2026,restofseason,Tyreik McAllister,RB,LV,MIA,13,1.0,0.0
2026,restofseason,Baylor Cupp,TE,ARI,@LAC,14,1.0,0.0
2026,restofseason,Jacardia Wright,RB,SEA,NE,11,1.0,0.0
2026,restofseason,Jake Phillips,TE,PIT,ATL,9,1.0,0.0
2026,restofseason,Chris Myarick,TE,LV,MIA,13,1.0,0.0
2026,restofseason,Temuchin Hodges,TE,PIT,ATL,9,1.0,0.0
2026,restofseason,Feleipe Franks,TE,CAR,CHI,5,1.0,0.0
2026,restofseason,Dominique Dafney,TE,CAR,CHI,5,0.0,0.0
2026,restofseason,Emmanuel Henderson Jr.,WR,SEA,NE,11,1.0,0.0
2026,restofseason,Riley Lees,WR,CIN,TB,6,1.0,0.0
2026,restofseason,Jabari Small,RB,DET,NO,6,1.0,0.0
2026,restofseason,Tanner Mordecai,QB,SF,@LAR,8,1.0,0.0
2026,restofseason,Jimmy Horn Jr.,WR,CAR,CHI,5,1.0,0.0
2026,restofseason,DJ Williams,RB,TB,@CIN,10,1.0,0.0
2026,restofseason,Trevon Grimes,WR,PHI,WAS,10,1.0,0.0
2026,restofseason,Cam Sutton,TE,SEA,NE,11,1.0,0.0
2026,restofseason,Daniel Crawford,TE,GB,@MIN,11,0.0,0.0
2026,restofseason,Antwane Wells Jr.,WR,ATL,@PIT,11,1.0,0.0
2026,restofseason,Quintin Morris,TE,JAC,CLE,7,1.0,0.0
2026,restofseason,Zack Kuntz,TE,DAL,@NYG,14,1.0,0.0
2026,restofseason,Greg Desrosiers Jr.,RB,LAC,ARI,7,1.0,0.0
2026,restofseason,Trebor Pena,WR,JAC,CLE,7,1.0,0.0
2026,restofseason,Ben VanSumeren,RB,KC,DEN,5,1.0,0.0
2026,restofseason,Stevie Scott III,RB,ARI,@LAC,14,1.0,0.0
2026,restofseason,Seth Green,TE,NO,@DET,8,1.0,0.0
2026,restofseason,Austin Jones,RB,WAS,@PHI,7,1.0,0.0
2026,restofseason,Craig Reynolds,RB,WAS,@PHI,7,1.0,0.0
2026,restofseason,Nick Fitzgerald,QB,TB,@CIN,10,1.0,0.0
2026,restofseason,Ty James,WR,MIN,GB,6,1.0,0.0
2026,restofseason,Sione Vaki,RB,DET,NO,6,2.0,0.0
2026,restofseason,Blake Whiteheart,TE,CLE,@JAC,11,1.0,0.0
2026,restofseason,Tyler Badie,RB,DEN,@KC,10,1.0,0.0
2026,restofseason,Brenden Knox,RB,KC,DEN,5,1.0,0.0
2026,restofseason,Anthony Johnson,WR,PIT,ATL,9,1.0,0.0
2026,restofseason,Cash Jones,RB,ATL,@PIT,11,1.0,0.0
2026,restofseason,Jordan Watkins,WR,SF,@LAR,8,1.0,0.0
2026,restofseason,La'Michael Pettway,TE,NE,@SEA,11,1.0,0.0
2026,restofseason,Reggie Gilliam,RB,NE,@SEA,11,1.0,0.0
2026,restofseason,Joe Milton III,QB,DAL,@NYG,14,1.0,0.0
2026,restofseason,De'Montre Tuggle,RB,CHI,@CAR,10,1.0,0.0
2026,restofseason,Ian Wheeler,RB,BUF,@HOU,7,1.0,0.0
2026,restofseason,Tre Nixon,WR,NE,@SEA,11,1.0,0.0
2026,restofseason,Darius Hagans,RB,PIT,ATL,9,1.0,0.0
2026,restofseason,Luke Deal,TE,DET,NO,6,1.0,0.0
2026,restofseason,Joe Fagnano,QB,BAL,@IND,13,1.0,0.0
2026,restofseason,Kevin Marks Jr.,RB,LAC,ARI,7,1.0,0.0
2026,restofseason,Patrick Carr,RB,SEA,NE,11,1.0,0.0
2026,restofseason,Bub Means,WR,CLE,@JAC,11,1.0,0.0
2026,restofseason,Chris Coleman,WR,MIA,@LV,6,1.0,0.0
2026,restofseason,Davon Booth,RB,IND,BAL,13,1.0,0.0
2026,restofseason,Lincoln Pare,RB,IND,BAL,13,1.0,0.0
2026,restofseason,Ja'Mori Maclin,WR,BUF,@HOU,7,1.0,0.0
2026,restofseason,Kyle Markway,TE,LAR,SF,11,1.0,0.0
2026,restofseason,Derek Wright,WR,CAR,CHI,5,1.0,0.0
2026,restofseason,Justin Rigg,TE,TEN,NYJ,9,1.0,0.0
2026,restofseason,Bryce Pierre,TE,CAR,CHI,5,1.0,0.0
2026,restofseason,Kyrese Rowan,WR,DEN,@KC,10,1.0,0.0
2026,restofseason,Eli Wolf,TE,WAS,@PHI,7,1.0,0.0
2026,restofseason,Lucky Jackson,WR,DET,NO,6,0.0,0.0
2026,restofseason,Jalin Hyatt,WR,NYG,DAL,8,1.0,0.0
2026,restofseason,Zay Jones,WR,HOU,BUF,8,1.0,0.0
2026,restofseason,J.J. Taylor,RB,HOU,BUF,8,1.0,0.0
2026,restofseason,Chip Trayanum,RB,NYJ,@TEN,13,1.0,0.0
2026,restofseason,Jonathan Mingo,WR,DAL,@NYG,14,1.0,0.0
2026,restofseason,Jameson Geers,TE,ARI,@LAC,14,1.0,0.0
2026,restofseason,Malik Cunningham,WR,DET,NO,6,1.0,0.0
2026,restofseason,Hunter Dekkers,QB,NO,@DET,8,1.0,0.0
2026,restofseason,Taylen Green,QB,CLE,@JAC,11,1.0,0.0
2026,restofseason,Anthony Schwartz,WR,MIA,@LV,6,1.0,0.0
2026,restofseason,Arthur Williams,WR,NYJ,@TEN,13,1.0,0.0
2026,restofseason,Jared Smart,WR,ARI,@LAC,14,1.0,0.0
2026,restofseason,Equanimeous St. Brown,WR,SF,@LAR,8,1.0,0.0
2026,restofseason,Treyvhon Saunders,WR,HOU,BUF,8,1.0,0.0
2026,restofseason,Karan Higdon,RB,HOU,BUF,8,1.0,0.0
2026,restofseason,Marcus Rosemy-Jacksaint,WR,PHI,WAS,10,1.0,0.0
2026,restofseason,Diego Pavia,QB,BAL,@IND,13,1.0,0.0
2026,restofseason,Jawon Chisholm,RB,PIT,ATL,9,1.0,0.0
2026,restofseason,Elijah Young,RB,BUF,@HOU,7,1.0,0.0
2026,restofseason,Jerrion Ealy,RB,KC,DEN,5,1.0,0.0
2026,restofseason,Austin Ekeler,RB,WAS,@PHI,7,1.0,0.0
2026,restofseason,Nolan Henderson,QB,BAL,@IND,13,1.0,0.0
2026,restofseason,Justin Marshall,WR,SEA,NE,11,1.0,0.0
2026,restofseason,Jake Burt,TE,NE,@SEA,11,1.0,0.0
2026,restofseason,Drew Anderson,QB,ARI,@LAC,14,1.0,0.0
2026,restofseason,Nate Carter,RB,KC,DEN,5,1.0,0.0
2026,restofseason,Wayne Taulapapa,RB,SEA,NE,11,1.0,0.0
2026,restofseason,Troy Hairston II,RB,CLE,@JAC,11,1.0,0.0
2026,restofseason,C.J. Beathard,QB,DET,NO,6,1.0,0.0
2026,restofseason,Christion Jones,WR,MIA,@LV,6,1.0,0.0
2026,restofseason,Jacob Clark,QB,LV,MIA,13,0.0,0.0
2026,restofseason,Latreal Jones,WR,TB,@CIN,10,1.0,0.0
2026,restofseason,Jam Miller,RB,NE,@SEA,11,1.0,0.0
2026,restofseason,Jadon Janke,WR,GB,@MIN,11,1.0,0.0
2026,restofseason,Chase Litton,QB,JAC,CLE,7,1.0,0.0
2026,restofseason,DeVontres Dukes,WR,DEN,@KC,10,1.0,0.0
2026,restofseason,Audric Estime,RB,NO,@DET,8,1.0,0.0
2026,restofseason,Kyron Hudson,WR,CHI,@CAR,10,0.0,0.0
2026,restofseason,JaVonta Payton,WR,ARI,@LAC,14,1.0,0.0
2026,restofseason,Adam Thielen,WR,PIT,ATL,9,2.0,0.0
2026,restofseason,Oscar Delp,TE,NO,@DET,8,2.0,0.0
2026,restofseason,Omari Evans,WR,KC,DEN,5,1.0,0.0
2026,restofseason,Jeshaun Jones,WR,MIN,GB,6,1.0,0.0
2026,restofseason,Sincere Brown,WR,LAC,ARI,7,1.0,0.0
2026,restofseason,Harrison Wallace III,WR,ARI,@LAC,14,1.0,0.0
2026,restofseason,Mario Williams,WR,LAR,SF,11,1.0,0.0
2026,restofseason,DaMarkus Lodge,WR,CIN,TB,6,1.0,0.0
2026,restofseason,Khalil Herbert,RB,SF,@LAR,8,1.0,0.0
2026,restofseason,Austin Ramesh,RB,ARI,@LAC,14,1.0,0.0
2026,restofseason,Marcus Major,RB,BAL,@IND,13,1.0,0.0
2026,restofseason,Layne Pryor,TE,HOU,BUF,8,1.0,0.0
2026,restofseason,Jake Briningstool,TE,KC,DEN,5,1.0,0.0
2026,restofseason,Jaelen Gill,WR,CLE,@JAC,11,0.0,0.0
2026,restofseason,Kevin Shaa,WR,CHI,@CAR,10,0.0,0.0
2026,restofseason,Ko Kieft,TE,TB,@CIN,10,1.0,0.0
2026,restofseason,James Mitchell,TE,DAL,@NYG,14,1.0,0.0
2026,restofseason,Lujuan Winningham,WR,JAC,CLE,7,1.0,0.0
2026,restofseason,Michael Gallup,WR,WAS,@PHI,7,1.0,0.0
2026,restofseason,Ja'Lynn Polk,WR,NO,@DET,8,1.0,0.0
2026,restofseason,Velus Jones Jr.,RB,SEA,NE,11,1.0,0.0
2026,restofseason,Josh Johnson,QB,CIN,TB,6,1.0,0.0
2026,restofseason,Allen Robinson,WR,DET,NO,6,1.0,0.0
2026,restofseason,Adam Prentice,RB,DEN,@KC,10,1.0,0.0
2026,restofseason,Roman Hemby,RB,LV,MIA,13,1.0,0.0
2026,restofseason,Josh Kattus,TE,CIN,TB,6,1.0,0.0
2026,restofseason,Sam Ehlinger,QB,DEN,@KC,10,1.0,0.0
2026,restofseason,Salvon Ahmed,RB,CHI,@CAR,10,1.0,0.0
2026,restofseason,Zach Ojile,RB,MIN,GB,6,1.0,0.0
2026,restofseason,Keilahn Harris,WR,PIT,ATL,9,0.0,0.0
2026,restofseason,Mason Pline,TE,KC,DEN,5,1.0,0.0
2026,restofseason,Kelvin Harmon,WR,DAL,@NYG,14,1.0,0.0
2026,restofseason,Zion Bowens,WR,WAS,@PHI,7,1.0,0.0
2026,restofseason,Jacoby Jones,WR,WAS,@PHI,7,1.0,0.0
2026,restofseason,Tip Reiman,TE,ARI,@LAC,14,1.0,0.0
2026,restofseason,Isaac Rex,TE,LAC,ARI,7,1.0,0.0
2026,restofseason,Terrill Davis,WR,MIN,GB,6,1.0,0.0
2026,restofseason,Miles Sanders,RB,DAL,@NYG,14,1.0,0.0
2026,restofseason,Chase Edmonds,RB,WAS,@PHI,7,1.0,0.0
2026,restofseason,Kris Leach,TE,DEN,@KC,10,1.0,0.0
2026,restofseason,Brenden Rice,WR,GB,@MIN,11,1.0,0.0
2026,restofseason,Jonathon Rumph,WR,NYJ,@TEN,13,0.0,0.0
2026,restofseason,Skyler Bell,WR,BUF,@HOU,7,4.0,0.0
2026,restofseason,Aca'Cedric Ware,RB,TB,@CIN,10,1.0,0.0
2026,restofseason,Jaden Smith,WR,DAL,@NYG,14,1.0,0.0
2026,restofseason,Max Bredeson,TE,MIN,GB,6,1.0,0.0
2026,restofseason,Alvin Kamara,RB,NO,@DET,8,37.0,0.0
2026,restofseason,Zach Heins,TE,LAC,ARI,7,1.0,0.0
2026,restofseason,Roderick Daniels Jr.,WR,NO,@DET,8,1.0,0.0
2026,restofseason,Thaddeus Moss,TE,CIN,TB,6,1.0,0.0
2026,restofseason,Silas Bolden,WR,HOU,BUF,8,1.0,0.0
2026,restofseason,Jordan Williams-Lambert,WR,CHI,@CAR,10,0.0,0.0
2026,restofseason,Sean Clifford,QB,CIN,TB,6,1.0,0.0
2026,restofseason,Valentine Holmes,RB,NYJ,@TEN,13,1.0,0.0
2026,restofseason,D.J. Montgomery,WR,IND,BAL,13,1.0,0.0
2026,restofseason,Montel Harris,RB,FA,BYE,0,1.0,0.0
2026,restofseason,Jeremiah Haydel,WR,LAR,SF,11,1.0,0.0
2026,restofseason,Dee Hart,RB,FA,BYE,0,1.0,0.0
2026,restofseason,Chris Tyree,WR,NO,@DET,8,1.0,0.0
2026,restofseason,Milton Wright,WR,LAC,ARI,7,1.0,0.0
2026,restofseason,Nick Nash,WR,WAS,@PHI,7,1.0,0.0
2026,restofseason,Lucas Krull,TE,DEN,@KC,10,1.0,0.0
2026,restofseason,Anthony Gould,WR,IND,BAL,13,1.0,0.0
2026,restofseason,DeVonte Christopher,WR,FA,BYE,0,1.0,0.0
2026,restofseason,Jordan Matthews,WR,CAR,CHI,5,1.0,0.0
2026,restofseason,Dymere Miller,WR,NYJ,@TEN,13,1.0,0.0
2026,restofseason,Carter Runyon,TE,LV,MIA,13,1.0,0.0
2026,restofseason,DeShon Williams,TE,SEA,NE,11,1.0,0.0
2026,restofseason,DJ Rogers,TE,DAL,@NYG,14,1.0,0.0
2026,restofseason,CJ Dippre,TE,TB,@CIN,10,0.0,0.0
2026,restofseason,Chris Pierce Jr.,TE,CAR,CHI,5,1.0,0.0
2026,restofseason,Tre Turner,WR,LV,MIA,13,1.0,0.0
2026,restofseason,Jamari Thrash,WR,CLE,@JAC,11,1.0,0.0
2026,restofseason,Kawaan Baker,WR,GB,@MIN,11,1.0,0.0
2026,restofseason,Damon Hazelton,WR,HOU,BUF,8,1.0,0.0
2026,restofseason,John Lovett,RB,PIT,ATL,9,1.0,0.0
2026,restofseason,Corey Crooms Jr.,WR,DAL,@NYG,14,1.0,0.0
2026,restofseason,Robbie Chosen,WR,WAS,@PHI,7,1.0,0.0
2026,restofseason,Tim DeMorat,QB,WAS,@PHI,7,1.0,0.0
2026,restofseason,Lawrence Cager,TE,WAS,@PHI,7,1.0,0.0
2026,restofseason,Chris Hilton Jr.,WR,GB,@MIN,11,1.0,0.0
2026,restofseason,Zakhari Franklin,WR,LV,MIA,13,1.0,0.0
2026,restofseason,Patrick Herbert,TE,LAC,ARI,7,1.0,0.0
2026,restofseason,Ricky White III,WR,SEA,NE,11,1.0,0.0
2026,restofseason,Keenen Brown,TE,HOU,BUF,8,1.0,0.0
2026,restofseason,Gage Larvadain,WR,CLE,@JAC,11,1.0,0.0
2026,restofseason,Deion Burks,WR,IND,BAL,13,1.0,0.0
2026,restofseason,Cedrick Wilson Jr.,WR,DET,NO,6,1.0,0.0
2026,restofseason,Armanti Foreman,WR,MIN,GB,6,1.0,0.0
2026,restofseason,Montana Lemonious-Craig,WR,PIT,ATL,9,1.0,0.0
2026,restofseason,Dontario Drummond,WR,DAL,@NYG,14,1.0,0.0
2026,restofseason,Joe Royer,TE,CLE,@JAC,11,1.0,0.0
2026,restofseason,Master Teague III,RB,PIT,ATL,9,1.0,0.0
2026,restofseason,Easop Winston,WR,NYJ,@TEN,13,0.0,0.0
2026,restofseason,Evan Svoboda,TE,LAC,ARI,7,1.0,0.0
2026,restofseason,Alec Holler,TE,DAL,@NYG,14,1.0,0.0
2026,restofseason,Osirus Mitchell,WR,GB,@MIN,11,1.0,0.0
2026,restofseason,Liam Clifford,WR,LAC,ARI,7,1.0,0.0
2026,restofseason,Jaren Kanak,TE,TEN,NYJ,9,1.0,0.0
2026,restofseason,Leonard Taylor,TE,JAC,CLE,7,1.0,0.0
2026,restofseason,DeAngelo Hardy,WR,BAL,@IND,13,1.0,0.0
2026,restofseason,Tyler Moore,TE,IND,BAL,13,1.0,0.0
2026,restofseason,Dustin Crum,QB,KC,DEN,5,1.0,0.0
2026,restofseason,Will Shipley,RB,PHI,WAS,10,1.0,0.0
2026,restofseason,Brett Gabbert,QB,MIA,@LV,6,1.0,0.0
2026,restofseason,Chandler Brayboy,WR,JAC,CLE,7,1.0,0.0
2026,restofseason,Brandon Hayes,WR,PHI,WAS,10,1.0,0.0
2026,restofseason,Sean Modster,WR,BAL,@IND,13,1.0,0.0
2026,restofseason,Demario Richard,RB,ATL,@PIT,11,1.0,0.0
2026,restofseason,Jack Stoll,TE,CLE,@JAC,11,1.0,0.0
2026,restofseason,Braydon Johnson,WR,BUF,@HOU,7,0.0,0.0
2026,restofseason,Toa Taua,RB,CLE,@JAC,11,1.0,0.0
2026,restofseason,Blake Watson,RB,TEN,NYJ,9,1.0,0.0
2026,restofseason,Briley Moore-McKinney,TE,TEN,NYJ,9,1.0,0.0
2026,restofseason,Reggie Roberson Jr.,WR,TEN,NYJ,9,1.0,0.0
2026,restofseason,Treyton Welch,TE,NO,@DET,8,1.0,0.0
2026,restofseason,C.J. Ham,RB,MIN,GB,6,1.0,0.0
2026,restofseason,DeAndre Torrey,RB,PHI,WAS,10,1.0,0.0
2026,restofseason,Sam Scott,RB,NYJ,@TEN,13,1.0,0.0
2026,restofseason,Jamal Agnew,WR,ATL,@PIT,11,1.0,0.0
2026,restofseason,Cody Hardy,TE,NO,@DET,8,1.0,0.0
2026,restofseason,Jake Haener,QB,NYG,DAL,8,1.0,0.0
2026,restofseason,Drew Belcher,TE,WAS,@PHI,7,1.0,0.0
2026,restofseason,Jeremy McNichols,RB,WAS,@PHI,7,1.0,0.0
2026,restofseason,Tre Watson,TE,MIA,@LV,6,1.0,0.0
2026,restofseason,Ronnie Bell,WR,LV,MIA,13,1.0,0.0
2026,restofseason,Rashon Ceaser,WR,TEN,NYJ,9,1.0,0.0
2026,restofseason,Benny LeMay,RB,CLE,@JAC,11,1.0,0.0
2026,restofseason,Matt Lauter,TE,MIN,GB,6,1.0,0.0
2026,restofseason,Kole Taylor,TE,CIN,TB,6,1.0,0.0
2026,restofseason,Jay Rome,TE,PIT,ATL,9,0.0,0.0
2026,restofseason,Elijah Collins,RB,CIN,TB,6,0.0,0.0
2026,restofseason,Tre Walker,WR,BUF,@HOU,7,1.0,0.0
2026,restofseason,Rushawn Baker,RB,NE,@SEA,11,1.0,0.0
2026,restofseason,Austin Trammell,WR,JAC,CLE,7,1.0,0.0
2026,restofseason,Damon Bankston,RB,NYG,DAL,8,1.0,0.0
2026,restofseason,Aaron Bailey,WR,BAL,@IND,13,1.0,0.0
2026,restofseason,DeWayne McBride,RB,MIN,GB,6,1.0,0.0
2026,restofseason,Austin Willis,WR,DET,NO,6,0.0,0.0
2026,restofseason,Christian Wade,RB,BUF,@HOU,7,1.0,0.0
2026,restofseason,Jarquez Hunter,RB,MIA,@LV,6,1.0,0.0
2026,restofseason,Noah Cain,RB,CIN,TB,6,1.0,0.0
2026,restofseason,Mac Hippenhammer,WR,CIN,TB,6,0.0,0.0
2026,restofseason,C.J. Johnson,WR,SEA,NE,11,1.0,0.0
2026,restofseason,Johnny Mundt,TE,PHI,WAS,10,1.0,0.0
2026,restofseason,Greg Dortch,WR,DET,NO,6,1.0,0.0
2026,restofseason,Mason Kinsey,WR,TEN,NYJ,9,1.0,0.0
2026,restofseason,Reggie Brown,WR,KC,DEN,5,1.0,0.0
2026,restofseason,Joel Wilson,TE,TEN,NYJ,9,1.0,0.0
2026,restofseason,Darius Cooper,WR,PHI,WAS,10,1.0,0.0
2026,restofseason,Max Borghi,RB,PIT,ATL,9,1.0,0.0
2026,restofseason,Pro Wells,TE,CIN,TB,6,0.0,0.0
2026,restofseason,Trayvon Rudolph,WR,MIN,GB,6,1.0,0.0
2026,restofseason,Johnny King,WR,PHI,WAS,10,0.0,0.0
2026,restofseason,Carson Steele,RB,PHI,WAS,10,1.0,0.0
2026,restofseason,Chris Smith,RB,SEA,NE,11,1.0,0.0
2026,restofseason,J.C. Copeland,RB,NYJ,@TEN,13,1.0,0.0
2026,restofseason,Kendrick Law,WR,DET,NO,6,1.0,0.0
2026,restofseason,Nate Stanley,QB,MIN,GB,6,1.0,0.0
2026,restofseason,Jonathan Brady,WR,LV,MIA,13,1.0,0.0
2026,restofseason,Taylor Heinicke,QB,LAC,ARI,7,1.0,0.0
2026,restofseason,Anthony Smith,WR,DAL,@NYG,14,1.0,0.0
2026,restofseason,Xavier Guillory,WR,BAL,@IND,13,1.0,0.0
2026,restofseason,Behren Morton,QB,NE,@SEA,11,1.0,0.0
2026,restofseason,Quintez Cephus,WR,BUF,@HOU,7,1.0,0.0
2026,restofseason,Charlie Taumoepeau,TE,DET,NO,6,1.0,0.0
2026,restofseason,Maximilian Mang,TE,NYG,DAL,8,1.0,0.0
2026,restofseason,Haynes King,QB,CAR,CHI,5,1.0,0.0
2026,restofseason,Josh Vann,WR,CAR,CHI,5,1.0,0.0
2026,restofseason,Tyler Scott,WR,LAR,SF,11,1.0,0.0
2026,restofseason,Chase Cota,WR,CLE,@JAC,11,1.0,0.0
2026,restofseason,Christian Kirk,WR,SF,@LAR,8,5.0,0.0
2026,restofseason,Lewis Bond,WR,HOU,BUF,8,1.0,0.0
2026,restofseason,Calvin Austin III,WR,NYG,DAL,8,1.0,0.0
2026,restofseason,Oscar Cardenas,TE,ARI,@LAC,14,1.0,0.0
2026,restofseason,Ra'Shaun Henry,WR,SEA,NE,11,0.0,0.0
2026,restofseason,Eric Saubert,TE,SEA,NE,11,1.0,0.0
2026,restofseason,Alize Mack,TE,TEN,NYJ,9,1.0,0.0
2026,restofseason,Darrin Hall,RB,PIT,ATL,9,1.0,0.0
2026,restofseason,Kai Locksley,WR,MIA,@LV,6,1.0,0.0
2026,restofseason,Bryson Green,WR,ARI,@LAC,14,1.0,0.0
2026,restofseason,Ray Davis,RB,BUF,@HOU,7,22.0,0.0
2026,restofseason,JuJu Smith-Schuster,WR,NYG,DAL,8,1.0,0.0
2026,restofseason,Kaden Prather,WR,GB,@MIN,11,1.0,0.0
2026,restofseason,E.J. Williams Jr.,WR,LV,MIA,13,1.0,0.0
2026,restofseason,Emani Bailey,RB,CAR,CHI,5,1.0,0.0
2026,restofseason,Jerand Bradley,WR,LAC,ARI,7,1.0,0.0
2026,restofseason,Lawrance Toafili,RB,NYJ,@TEN,13,1.0,0.0
2026,restofseason,Ricky Pearsall,WR,SF,@LAR,8,5.0,0.0
2026,restofseason,Jimmy Garoppolo,QB,LAR,SF,11,1.0,0.0
2026,restofseason,Izaiah Gathings,TE,KC,DEN,5,1.0,0.0
2026,restofseason,Kendall Milton,RB,CIN,TB,6,1.0,0.0
2026,restofseason,Thomas Yassmin,TE,GB,@MIN,11,1.0,0.0
2026,restofseason,Nick Westbrook-Ikhine,WR,IND,BAL,13,1.0,0.0
2026,restofseason,Charlie Jones,WR,NYG,DAL,8,1.0,0.0
2026,restofseason,Tyler Johnson,WR,DAL,@NYG,14,1.0,0.0
2026,restofseason,Luke Grimm,WR,LAC,ARI,7,1.0,0.0
2026,restofseason,Armani Rogers,TE,BUF,@HOU,7,1.0,0.0
2026,restofseason,Terrell Jennings,RB,NE,@SEA,11,1.0,0.0
2026,restofseason,Elijah Arroyo,TE,SEA,NE,11,2.0,0.0
2026,restofseason,Ketron Jackson Jr.,WR,LV,MIA,13,1.0,0.0
2026,restofseason,Austin Proehl,WR,NYG,DAL,8,1.0,0.0
2026,restofseason,Case Keenum,QB,CHI,@CAR,10,1.0,0.0
2026,restofseason,Will Howard,QB,PIT,ATL,9,1.0,0.0
2026,restofseason,JJ Laap,WR,LAR,SF,11,1.0,0.0
2026,restofseason,Da'Quan Felton,WR,NYJ,@TEN,13,1.0,0.0
2026,restofseason,Jonnu Smith,TE,GB,@MIN,11,1.0,0.0
2026,restofseason,Manasseh Bailey,WR,NYJ,@TEN,13,1.0,0.0
2026,restofseason,Tanner Hudson,TE,CIN,TB,6,1.0,0.0
2026,restofseason,Joel Honigford,TE,ARI,@LAC,14,1.0,0.0
2026,restofseason,Jakobie Keeney-James,WR,PIT,ATL,9,1.0,0.0
2026,restofseason,Isaiah Neyor,WR,GB,@MIN,11,1.0,0.0
2026,restofseason,Anthony Gordon,QB,KC,DEN,5,1.0,0.0
2026,restofseason,Jerreth Sterns,WR,LAR,SF,11,1.0,0.0
2026,restofseason,Derrick Dillon,WR,CLE,@JAC,11,1.0,0.0
2026,restofseason,Cole Fotheringham,TE,NE,@SEA,11,1.0,0.0
2026,restofseason,Jaden Nixon,RB,GB,@MIN,11,1.0,0.0
2026,restofseason,BJ Emmons,RB,HOU,BUF,8,1.0,0.0
2026,restofseason,Nick Sharga,RB,LV,MIA,13,0.0,0.0
2026,restofseason,Rocky Lombardi,QB,CIN,TB,6,1.0,0.0
2026,restofseason,James Conner,RB,ARI,@LAC,14,14.0,0.0
2026,restofseason,Toriano Clinton,RB,IND,BAL,13,1.0,0.0
2026,restofseason,Brennan Presley,WR,LAR,SF,11,1.0,0.0
2026,restofseason,Kyle Shurmur,QB,WAS,@PHI,7,1.0,0.0
2026,restofseason,Cedric Tillman,WR,NO,@DET,8,1.0,0.0
2026,restofseason,Artavis Scott,WR,HOU,BUF,8,1.0,0.0
2026,restofseason,Simi Fehoko,WR,ARI,@LAC,14,1.0,0.0
2026,restofseason,Luis Perez,QB,LAC,ARI,7,1.0,0.0
2026,restofseason,Tre Stewart,RB,ARI,@LAC,14,1.0,0.0
2026,restofseason,Tyreek Hill,WR,MIA,@LV,6,6.0,0.0
2026,restofseason,Kade Warner,WR,TB,@CIN,10,1.0,0.0
2026,restofseason,Cam Grandy,TE,MIN,GB,6,1.0,0.0
2026,restofseason,James Blackman,QB,MIA,@LV,6,1.0,0.0
2026,restofseason,Tanner Knue,WR,TB,@CIN,10,1.0,0.0
2026,restofseason,Jeremiah Webb,WR,NE,@SEA,11,1.0,0.0
2026,restofseason,Damien Martinez,RB,GB,@MIN,11,1.0,0.0
2026,restofseason,Tyler Harrell,WR,NYJ,@TEN,13,1.0,0.0
2026,restofseason,Terrace Marshall Jr.,WR,MIA,@LV,6,1.0,0.0
2026,restofseason,Junior Bergen,WR,NYJ,@TEN,13,1.0,0.0
2026,restofseason,Dylan Cantrell,WR,WAS,@PHI,7,1.0,0.0
2026,restofseason,Kyron Drones,QB,GB,@MIN,11,1.0,0.0
2026,restofseason,Devin Culp,TE,TB,@CIN,10,1.0,0.0
2026,restofseason,Jacob Copeland,WR,PIT,ATL,9,1.0,0.0
2026,restofseason,Taryn Christion,QB,PIT,ATL,9,1.0,0.0
2026,restofseason,Michael Carter,RB,TEN,NYJ,9,1.0,0.0
2026,restofseason,Steven Montez,QB,DET,NO,6,1.0,0.0
2026,restofseason,Michael Woods II,WR,DEN,@KC,10,1.0,0.0
2026,restofseason,Ben Wooldridge,QB,NE,@SEA,11,1.0,0.0
2026,restofseason,Josh Whyle,TE,GB,@MIN,11,1.0,0.0
2026,restofseason,Cade Brewer,TE,SEA,NE,11,1.0,0.0
2026,restofseason,J.J. Jones,WR,JAC,CLE,7,1.0,0.0
2026,restofseason,Braxton Berrios,WR,NYG,DAL,8,1.0,0.0
2026,restofseason,Moochie Dixon,WR,NO,@DET,8,1.0,0.0
2026,restofseason,Ray-Ray McCloud,WR,CHI,@CAR,10,1.0,0.0
2026,restofseason,Nico Evans,RB,PHI,WAS,10,1.0,0.0
2026,restofseason,Cornelius Johnson,WR,BAL,@IND,13,1.0,0.0
2026,restofseason,Sage Surratt,WR,ARI,@LAC,14,1.0,0.0
2026,restofseason,Luke Farrell,TE,SF,@LAR,8,1.0,0.0
2026,restofseason,Taysir Mack,WR,SF,@LAR,8,1.0,0.0
2026,restofseason,Moritz Boehringer,TE,CIN,TB,6,1.0,0.0
2026,restofseason,Tom Kennedy,WR,DET,NO,6,1.0,0.0
2026,restofseason,Justin Hall,WR,MIN,GB,6,1.0,0.0
2026,restofseason,Mike Rigerman,TE,BAL,@IND,13,1.0,0.0
2026,restofseason,Kalija Lipscomb,WR,TEN,NYJ,9,1.0,0.0
2026,restofseason,Zach Horton,TE,DET,NO,6,1.0,0.0
2026,restofseason,N'Keal Harry,TE,SEA,NE,11,1.0,0.0
2026,restofseason,Roydell Williams,RB,DET,NO,6,1.0,0.0
2026,restofseason,Christian Scotland-Williamson,TE,PIT,ATL,9,1.0,0.0
2026,restofseason,Moose Muhammad III,WR,CAR,CHI,5,1.0,0.0
2026,restofseason,Dylan Parham,TE,DEN,@KC,10,1.0,0.0
2026,restofseason,Coleman Bennett,RB,MIA,@LV,6,1.0,0.0
2026,restofseason,Braylon Sanders,WR,WAS,@PHI,7,1.0,0.0
2026,restofseason,Andrew Vollert,TE,IND,BAL,13,1.0,0.0
2026,restofseason,Devron Harper,WR,MIN,GB,6,1.0,0.0
2026,restofseason,Malik Taylor,WR,DET,NO,6,0.0,0.0
2026,restofseason,LeQuint Allen,RB,JAC,CLE,7,2.0,0.0
2026,restofseason,Taimi Tutogi,RB,FA,BYE,0,1.0,0.0
2026,restofseason,Cam Akers,RB,SEA,NE,11,1.0,0.0
2026,restofseason,Kevin Austin Jr.,WR,NO,@DET,8,1.0,0.0
2026,restofseason,Drew Plitt,QB,CIN,TB,6,1.0,0.0
2026,restofseason,Colin Granger,TE,CAR,CHI,5,1.0,0.0
2026,restofseason,Kairee Robinson,RB,SEA,NE,11,1.0,0.0
2026,restofseason,Connor Davis,TE,CLE,@JAC,11,1.0,0.0
2026,restofseason,Kenny Yeboah,TE,ARI,@LAC,14,1.0,0.0
2026,restofseason,Brian Cobbs,WR,ARI,@LAC,14,1.0,0.0
2026,restofseason,Mark Gronowski,QB,HOU,BUF,8,1.0,0.0
2026,restofseason,Marcus Simms,WR,SEA,NE,11,0.0,0.0
2026,restofseason,Devon Williams,WR,BAL,@IND,13,0.0,0.0
2026,restofseason,Emmanuel Butler,WR,NO,@DET,8,1.0,0.0
2026,restofseason,Dy'Shawn Mobley,RB,CIN,TB,6,0.0,0.0
2026,restofseason,David Bell,WR,CLE,@JAC,11,1.0,0.0
2026,restofseason,Kisean Johnson,WR,GB,@MIN,11,1.0,0.0
2026,restofseason,Nick Mullens,QB,JAC,CLE,7,1.0,0.0
2026,restofseason,Isaiah Hodgins,WR,NYG,DAL,8,1.0,0.0
2026,restofseason,Je'Quan Burton,WR,MIA,@LV,6,0.0,0.0
2026,restofseason,Nick Kallerup,TE,SEA,NE,11,0.0,0.0
2026,restofseason,Josh Williams,RB,TB,@CIN,10,1.0,0.0
2026,restofseason,Jase McClellan,RB,TB,@CIN,10,1.0,0.0
2026,restofseason,Dax Raymond,TE,PIT,ATL,9,1.0,0.0
2026,restofseason,Dallas Daniels,WR,DEN,@KC,10,1.0,0.0
2026,restofseason,Emory Jones,QB,ATL,@PIT,11,1.0,0.0
2026,restofseason,Jordan Ta'amu-Perifanos,QB,MIN,GB,6,1.0,0.0
2026,restofseason,Alex Bachman,WR,LAR,SF,11,1.0,0.0
2026,restofseason,Tyler Vaughns,WR,PIT,ATL,9,1.0,0.0
2026,restofseason,Mark Thompson,RB,LV,MIA,13,1.0,0.0
2026,restofseason,Colton Dowell,WR,PIT,ATL,9,1.0,0.0
2026,restofseason,Efton Chism III,WR,NE,@SEA,11,1.0,0.0
2026,restofseason,Hunter Thedford,TE,CLE,@JAC,11,1.0,0.0
2026,restofseason,Will Grier,QB,CAR,CHI,5,1.0,0.0
2026,restofseason,Travis Homer,RB,PIT,ATL,9,1.0,0.0
2026,restofseason,Andrew Parchment,WR,CAR,CHI,5,0.0,0.0
2026,restofseason,Kyre Duplessis,WR,DEN,@KC,10,1.0,0.0
2026,restofseason,Le'Meke Brockington,WR,ATL,@PIT,11,0.0,0.0
2026,restofseason,Evan Hull,RB,ARI,@LAC,14,1.0,0.0
2026,restofseason,T.J. Simmons,WR,TB,@CIN,10,1.0,0.0
2026,restofseason,Jerome Ford,RB,WAS,@PHI,7,1.0,0.0
2026,restofseason,Johnny Pascuzzi,TE,LAC,ARI,7,1.0,0.0
2026,restofseason,Jalen Milroe,QB,SEA,NE,11,2.0,0.0
2026,restofseason,Al-Jay Henderson,RB,NYJ,@TEN,13,0.0,0.0
2026,restofseason,Shane Zylstra,TE,NE,@SEA,11,1.0,0.0
2026,restofseason,Jequez Ezzard,WR,WAS,@PHI,7,1.0,0.0
2026,restofseason,Dominic Richardson,RB,NYJ,@TEN,13,1.0,0.0
2026,restofseason,Sahmir Hagans,WR,IND,BAL,13,1.0,0.0
2026,restofseason,Zach Wilson,QB,NO,@DET,8,1.0,0.0
2026,restofseason,Scott Miller,WR,CHI,@CAR,10,1.0,0.0
2026,restofseason,Isaiah Bowser,RB,BUF,@HOU,7,1.0,0.0
2026,restofseason,Alex Tecza,RB,PIT,ATL,9,0.0,0.0
2026,restofseason,Jonathan Ward,RB,BAL,@IND,13,1.0,0.0
2026,restofseason,Donaven McCulley,WR,MIA,@LV,6,1.0,0.0
2026,restofseason,Omari Kelly,WR,CHI,@CAR,10,1.0,0.0
2026,restofseason,Davon Grayson,WR,KC,DEN,5,1.0,0.0
2026,restofseason,Trenton Irwin,WR,SF,@LAR,8,1.0,0.0
2026,restofseason,D'Eriq King,QB,CAR,CHI,5,1.0,0.0
2026,restofseason,Kehinde Oginni,TE,ATL,@PIT,11,1.0,0.0
2026,restofseason,Aaron Shampklin,RB,MIA,@LV,6,1.0,0.0
2026,restofseason,Joe Mixon,RB,HOU,BUF,8,1.0,0.0
2026,restofseason,Chamon Metayer,TE,CAR,CHI,5,1.0,0.0
2026,restofseason,Ralph Webb,RB,PIT,ATL,9,1.0,0.0
2026,restofseason,Bruno Labelle,TE,ARI,@LAC,14,1.0,0.0
2026,restofseason,Van Jefferson,WR,WAS,@PHI,7,1.0,0.0
2026,restofseason,Curtis Hodges,TE,CAR,CHI,5,1.0,0.0
2026,restofseason,Phil Lutz,WR,NE,@SEA,11,1.0,0.0
2026,restofseason,Jordan Byrd,RB,PIT,ATL,9,1.0,0.0
2026,restofseason,Mikah Holder,WR,WAS,@PHI,7,1.0,0.0
2026,restofseason,Nate McCollum,WR,ARI,@LAC,14,1.0,0.0
2026,restofseason,Luke Lachey,TE,GB,@MIN,11,1.0,0.0
2026,restofseason,Dorian Singer,WR,JAC,CLE,7,1.0,0.0
2026,restofseason,Jack Coan,QB,IND,BAL,13,1.0,0.0
2026,restofseason,Trevor Etienne,RB,CAR,CHI,5,2.0,0.0
2026,restofseason,Neal Johnson,TE,NYJ,@TEN,13,1.0,0.0
2026,restofseason,Travis Jonsen,WR,TB,@CIN,10,1.0,0.0
2026,restofseason,Michael Bandy,WR,DEN,@KC,10,1.0,0.0
2026,restofseason,MyCole Pruitt,TE,PIT,ATL,9,1.0,0.0
2026,restofseason,Wesley Grimes,WR,SF,@LAR,8,1.0,0.0
2026,restofseason,Laquon Treadwell,WR,IND,BAL,13,1.0,0.0
2026,restofseason,Jack Strand,QB,ATL,@PIT,11,1.0,0.0
2026,restofseason,Shaleak Knotts,WR,MIN,GB,6,1.0,0.0
2026,restofseason,D'Onta Foreman,RB,CLE,@JAC,11,1.0,0.0
2026,restofseason,Princeton Fant,TE,DAL,@NYG,14,1.0,0.0
2026,restofseason,Robert Woods,WR,PIT,ATL,9,1.0,0.0
2026,restofseason,Malik Heath,WR,ATL,@PIT,11,1.0,0.0
2026,restofseason,Charles McClelland,RB,TEN,NYJ,9,1.0,0.0
2026,restofseason,Brandon Powell,WR,MIN,GB,6,1.0,0.0
2026,restofseason,Camden Brown,WR,DAL,@NYG,14,1.0,0.0
2026,restofseason,Shemar Bridges,WR,BAL,@IND,13,1.0,0.0
2026,restofseason,Joshua Simon,TE,ATL,@PIT,11,1.0,0.0
2026,restofseason,Kene Nwangwu,RB,NYJ,@TEN,13,1.0,0.0
2026,restofseason,Austin Aune,QB,ATL,@PIT,11,1.0,0.0
2026,restofseason,Lance McCutcheon,WR,TEN,NYJ,9,1.0,0.0
2026,restofseason,Desmond Reid,RB,BUF,@HOU,7,1.0,0.0
2026,restofseason,Davonte Allen,WR,BUF,@HOU,7,1.0,0.0
2026,restofseason,Tayon Fleet-Davis,RB,KC,DEN,5,1.0,0.0
2026,restofseason,Tyler Lockett,WR,LV,MIA,13,1.0,0.0
2026,restofseason,Joseph Manjack IV,WR,DEN,@KC,10,1.0,0.0
2026,restofseason,Jaden Bradley,WR,WAS,@PHI,7,1.0,0.0
2026,restofseason,Tyjon Lindsey,WR,SEA,NE,11,0.0,0.0
2026,restofseason,Roc Taylor,WR,CAR,CHI,5,0.0,0.0
2026,restofseason,Marshall Lang,TE,MIN,GB,6,1.0,0.0
2026,restofseason,A.J. Richardson,WR,ARI,@LAC,14,1.0,0.0
2026,restofseason,Isaiah Winstead,WR,PIT,ATL,9,0.0,0.0
2026,restofseason,Grant Calcaterra,TE,PHI,WAS,10,1.0,0.0
2026,restofseason,Will Sheppard,WR,GB,@MIN,11,1.0,0.0
2026,restofseason,Josh Woodrum,QB,WAS,@PHI,7,1.0,0.0
2026,restofseason,Cyrus Holder,WR,CHI,@CAR,10,0.0,0.0
2026,restofseason,Joaquin Davis,WR,PIT,ATL,9,0.0,0.0
2026,restofseason,Jaivon Heiligh,WR,CIN,TB,6,1.0,0.0
2026,restofseason,Derrick Johnson,WR,NYG,DAL,8,1.0,0.0
2026,restofseason,Lorenzo Lingard,RB,NYG,DAL,8,1.0,0.0
2026,restofseason,Jack Sorenson,WR,CIN,TB,6,0.0,0.0
2026,restofseason,Michael Ezeike,TE,SEA,NE,11,0.0,0.0
2026,restofseason,Josh Johnson,WR,DET,NO,6,1.0,0.0
2026,restofseason,Shane Buechele,QB,BUF,@HOU,7,1.0,0.0
2026,restofseason,Robbie Ouzts,RB,SEA,NE,11,1.0,0.0
2026,restofseason,Ihmir Smith-Marsette,WR,ARI,@LAC,14,1.0,0.0
2026,restofseason,Dalton Keene,TE,HOU,BUF,8,1.0,0.0
2026,restofseason,Luke Altmyer,QB,DET,NO,6,1.0,0.0
2026,restofseason,Xavier Malone,WR,ATL,@PIT,11,0.0,0.0
2026,restofseason,Khalil Tate,WR,PHI,WAS,10,1.0,0.0
2026,restofseason,Sam James,WR,LAR,SF,11,1.0,0.0
2026,restofseason,Dante Pettis,WR,BUF,@HOU,7,1.0,0.0
2026,restofseason,Deuce Vaughn,RB,HOU,BUF,8,1.0,0.0
2026,restofseason,Justin Watson,WR,HOU,BUF,8,1.0,0.0
2026,restofseason,Malik Henry,WR,NO,@DET,8,1.0,0.0
2026,restofseason,Kobe Prentice,WR,NYG,DAL,8,1.0,0.0
2026,restofseason,Lincoln Sefcik,TE,NYJ,@TEN,13,0.0,0.0
2026,restofseason,Keytaon Thompson,WR,DET,NO,6,0.0,0.0
2026,restofseason,T.J. Vasher,WR,DAL,@NYG,14,1.0,0.0
2026,restofseason,Cheyenne O'Grady,TE,CIN,TB,6,1.0,0.0
2026,restofseason,Tyler Conklin,TE,DET,NO,6,1.0,0.0
2026,restofseason,Jimmy Kibble,WR,NE,@SEA,11,1.0,0.0
2026,restofseason,Kaleb Johnson,RB,GB,@MIN,11,13.0,0.0
2026,restofseason,Caleb Scott,WR,LV,MIA,13,1.0,0.0
2026,restofseason,David Martin-Robinson,TE,TEN,NYJ,9,1.0,0.0
2026,restofseason,Jesse Matthews,WR,ATL,@PIT,11,0.0,0.0
2026,restofseason,Nikola Kalinic,TE,CHI,@CAR,10,1.0,0.0
2026,restofseason,Robert Burns,RB,ATL,@PIT,11,1.0,0.0
2026,restofseason,Garrett Greene,WR,TB,@CIN,10,1.0,0.0
2026,restofseason,David Moore,WR,CAR,CHI,5,1.0,0.0
2026,restofseason,Jamal Custis,WR,PIT,ATL,9,0.0,0.0
2026,restofseason,Jazz Ferguson,WR,SEA,NE,11,1.0,0.0
2026,restofseason,Andre Baccellia,WR,ARI,@LAC,14,1.0,0.0
2026,restofseason,Eric Gray,RB,NYG,DAL,8,1.0,0.0
2026,restofseason,Tre Mosley,WR,CIN,TB,6,1.0,0.0
2026,restofseason,Malik Turner,WR,SF,@LAR,8,1.0,0.0
2026,restofseason,Traeshon Holden,WR,DAL,@NYG,14,1.0,0.0
2026,restofseason,Johnny Wilson,WR,PHI,WAS,10,1.0,0.0
2026,restofseason,Elijah Mitchell,RB,PHI,WAS,10,1.0,0.0
2026,restofseason,Michael Johnson,WR,PHI,WAS,10,0.0,0.0
2026,restofseason,Mason Fairchild,TE,NO,@DET,8,1.0,0.0
2026,restofseason,Sam Hartman,QB,WAS,@PHI,7,1.0,0.0
2026,restofseason,Billy Brown,TE,IND,BAL,13,1.0,0.0
2026,restofseason,Easton Stick,QB,TB,@CIN,10,1.0,0.0
2026,restofseason,Kedon Slovis,QB,GB,@MIN,11,1.0,0.0
2026,restofseason,Brelan Chancellor,WR,PIT,ATL,9,1.0,0.0
2026,restofseason,Jarrett Guarantano,QB,DEN,@KC,10,1.0,0.0
2026,restofseason,Kenny Fletcher Jr.,TE,IND,BAL,13,1.0,0.0
2026,restofseason,Brian Walker,TE,BAL,@IND,13,1.0,0.0
2026,restofseason,Xavier Weaver,WR,ARI,@LAC,14,1.0,0.0
2026,restofseason,Noah Whittington,RB,HOU,BUF,8,1.0,0.0
2026,restofseason,Tyler Hoosman,RB,LAC,ARI,7,1.0,0.0
2026,restofseason,Malachi Corley,WR,CLE,@JAC,11,1.0,0.0
2026,restofseason,Clint Ratkovich,RB,ATL,@PIT,11,0.0,0.0
2026,restofseason,Ross Dwelley,TE,CAR,CHI,5,1.0,0.0
2026,restofseason,Jason Brownlee,WR,KC,DEN,5,1.0,0.0
2026,restofseason,Collin Johnson,WR,LV,MIA,13,1.0,0.0
2026,restofseason,Kentrel Bullock,RB,CIN,TB,6,1.0,0.0
2026,restofseason,Jadakis Bonds,WR,GB,@MIN,11,1.0,0.0
2026,restofseason,Micah Bernard,RB,NE,@SEA,11,1.0,0.0
2026,restofseason,Corey Taylor II,RB,CLE,@JAC,11,1.0,0.0
2026,restofseason,Justin Johnson,TE,ARI,@LAC,14,1.0,0.0
2026,restofseason,Cody Fajardo,QB,LV,MIA,13,1.0,0.0
2026,restofseason,Charles Scarff,TE,BAL,@IND,13,0.0,0.0
2026,restofseason,Quali Conley,RB,CIN,TB,6,1.0,0.0
2026,restofseason,Talolo Limu-Jones,WR,CAR,CHI,5,1.0,0.0
2026,restofseason,Zamir White,RB,NO,@DET,8,1.0,0.0
2026,restofseason,Josh Imatorbhebhe,WR,JAC,CLE,7,1.0,0.0
2026,restofseason,Jared Baker,RB,ARI,@LAC,14,1.0,0.0
2026,restofseason,Laviska Shenault Jr.,WR,BUF,@HOU,7,1.0,0.0
2026,restofseason,Kody Case,WR,IND,BAL,13,1.0,0.0
2026,restofseason,Charleston Rambo,WR,PHI,WAS,10,1.0,0.0
2026,restofseason,Darrynton Evans,RB,BUF,@HOU,7,1.0,0.0
2026,restofseason,Devin Carter,WR,CAR,CHI,5,1.0,0.0
2026,restofseason,Tarik Black,WR,DET,NO,6,1.0,0.0
2026,restofseason,Anthony Firkser,TE,DET,NO,6,1.0,0.0
2026,restofseason,Hayden Rucci,TE,SF,@LAR,8,1.0,0.0
2026,restofseason,Jalen Walthall,WR,NYJ,@TEN,13,0.0,0.0
2026,restofseason,Mark Redman,TE,GB,@MIN,11,1.0,0.0
2026,restofseason,Case Cookus,QB,LAR,SF,11,1.0,0.0
2026,restofseason,Dohnte Meyers,WR,CIN,TB,6,1.0,0.0
2026,restofseason,Dalen Cambre,WR,NYG,DAL,8,1.0,0.0
2026,restofseason,Myles Price,WR,MIN,GB,6,1.0,0.0
2026,restofseason,Jacob De Jesus,WR,KC,DEN,5,1.0,0.0
2026,restofseason,Joey Aguilar,QB,JAC,CLE,7,1.0,0.0
2026,restofseason,Chris Moore,WR,BAL,@IND,13,1.0,0.0
2026,restofseason,Tejhaun Palmer,WR,NE,@SEA,11,1.0,0.0
2026,restofseason,Cole Turner,TE,MIA,@LV,6,1.0,0.0
2026,restofseason,Mike Williams,WR,LAC,ARI,7,1.0,0.0
2026,restofseason,Kristian Wilkerson,WR,ATL,@PIT,11,1.0,0.0
2026,restofseason,Matt Johnson,QB,CIN,TB,6,1.0,0.0
2026,restofseason,Danny Davis,WR,GB,@MIN,11,1.0,0.0
2026,restofseason,Johnny Lumpkin,TE,GB,@MIN,11,0.0,0.0
2026,restofseason,Rakeem Boyd,RB,DET,NO,6,1.0,0.0
2026,restofseason,Sam Brown Jr.,WR,GB,@MIN,11,1.0,0.0
2026,restofseason,Jerome Washington,TE,ARI,@LAC,14,1.0,0.0
2026,restofseason,Marcus Sanders Jr.,WR,MIN,GB,6,1.0,0.0
2026,restofseason,Quentin Skinner,WR,BUF,@HOU,7,0.0,0.0
2026,restofseason,Landon Lenoir,WR,CHI,@CAR,10,0.0,0.0
2026,restofseason,Tim Boyle,QB,TEN,NYJ,9,1.0,0.0
2026,restofseason,Justin Jones,RB,SEA,NE,11,1.0,0.0
2026,restofseason,Josh Jarboe,WR,FA,BYE,0,1.0,0.0
2026,restofseason,Jawhar Jordan,RB,HOU,BUF,8,1.0,0.0
2026,restofseason,Peter LeBlanc,WR,CHI,@CAR,10,1.0,0.0
2026,restofseason,Jeff Driskel,QB,WAS,@PHI,7,1.0,0.0
2026,restofseason,Dresser Winn,QB,LAR,SF,11,1.0,0.0
2026,restofseason,Tre Harbison III,RB,CLE,@JAC,11,0.0,0.0
2026,restofseason,Clyde Edwards-Helaire,RB,KC,DEN,5,1.0,0.0
2026,restofseason,Dillon Mitchell,WR,MIN,GB,6,1.0,0.0
2026,restofseason,Tanner Conner,TE,NYG,DAL,8,1.0,0.0
2026,restofseason,Jack Westover,TE,WAS,@PHI,7,1.0,0.0
2026,restofseason,Malik Flowers,WR,LV,MIA,13,1.0,0.0
2026,restofseason,Dontae McMillan,RB,BAL,@IND,13,1.0,0.0
2026,restofseason,Terrance Cobb,RB,LV,MIA,13,1.0,0.0
2026,restofseason,Zack Moss,RB,CIN,TB,6,1.0,0.0
2026,restofseason,Jamaal Pritchett,WR,NYJ,@TEN,13,1.0,0.0
2026,restofseason,Javon McKinley,WR,PIT,ATL,9,1.0,0.0
2026,restofseason,Kelvin McKnight,WR,DEN,@KC,10,1.0,0.0
2026,restofseason,Josh Pitsenberger,RB,HOU,BUF,8,1.0,0.0
2026,restofseason,Josh Babicz,TE,GB,@MIN,11,1.0,0.0
2026,restofseason,Brandon Smith,WR,PIT,ATL,9,1.0,0.0
2026,restofseason,McCallan Castles,TE,GB,@MIN,11,1.0,0.0
2026,restofseason,JP Richardson,WR,CHI,@CAR,10,1.0,0.0
2026,restofseason,Gerald Everett,TE,CHI,@CAR,10,1.0,0.0
2026,restofseason,Kenny McIntosh,RB,SEA,NE,11,1.0,0.0
2026,restofseason,Marquez Callaway,WR,LV,MIA,13,1.0,0.0
2026,restofseason,Corey Sutton,WR,DET,NO,6,1.0,0.0
2026,restofseason,Cam Miller,QB,MIA,@LV,6,1.0,0.0
2026,restofseason,Carson Strong,QB,ARI,@LAC,14,1.0,0.0
2026,restofseason,Dax Milne,WR,CAR,CHI,5,1.0,0.0
2026,restofseason,Mo Alie-Cox,TE,IND,BAL,13,1.0,0.0
2026,restofseason,Reggie Davis,WR,DAL,@NYG,14,1.0,0.0
2026,restofseason,Reece Horn,WR,CIN,TB,6,1.0,0.0
2026,restofseason,Lake McRee,TE,PIT,ATL,9,1.0,0.0
2026,restofseason,Jack Colletto,RB,PIT,ATL,9,1.0,0.0
2026,restofseason,Jalen Sample,WR,WAS,@PHI,7,1.0,0.0
2026,restofseason,Robert Lewis,WR,MIN,GB,6,1.0,0.0
2026,restofseason,Lawrence Keys III,WR,DET,NO,6,1.0,0.0
2026,restofseason,Brandon Johnson,RB,PIT,ATL,9,1.0,0.0
2026,restofseason,Jaden Shirden,RB,CAR,CHI,5,1.0,0.0
2026,restofseason,Rohan Jones,TE,LAR,SF,11,1.0,0.0
2026,restofseason,EJ Horton Jr.,WR,IND,BAL,13,1.0,0.0
2026,restofseason,Ramel Keyton,WR,TEN,NYJ,9,1.0,0.0
2026,restofseason,Carson Williams,TE,LV,MIA,13,1.0,0.0
2026,restofseason,Jayden Higgins,WR,HOU,BUF,8,5.0,0.0
2026,restofseason,J.T. Barrett,QB,PIT,ATL,9,1.0,0.0
2026,restofseason,Miller Moss,QB,CHI,@CAR,10,1.0,0.0
2026,restofseason,Sam Schnee,RB,TEN,NYJ,9,1.0,0.0
2026,restofseason,Raheem Blackshear,RB,DET,NO,6,1.0,0.0
2026,restofseason,Garrett Groshek,RB,MIN,GB,6,1.0,0.0
2026,restofseason,Brennan Eagles,WR,DAL,@NYG,14,1.0,0.0
2026,restofseason,Cordarrelle Patterson,RB,PIT,ATL,9,1.0,0.0
2026,restofseason,Quincy Skinner Jr.,WR,NYJ,@TEN,13,1.0,0.0
2026,restofseason,Devon Garrison,TE,SEA,NE,11,1.0,0.0
2026,restofseason,E.J. Jenkins,TE,PHI,WAS,10,1.0,0.0
2026,restofseason,Mike Weber,RB,NYG,DAL,8,1.0,0.0
2026,restofseason,Jordan Hudson,WR,DAL,@NYG,14,1.0,0.0
2026,restofseason,Deon Jackson,RB,DET,NO,6,1.0,0.0
2026,restofseason,John Jiles,WR,NE,@SEA,11,1.0,0.0
2026,restofseason,Trevon Bradford,WR,LAC,ARI,7,1.0,0.0
2026,restofseason,Isaiah Weston,WR,CLE,@JAC,11,0.0,0.0
2026,restofseason,Trevion Thompson,WR,TEN,NYJ,9,1.0,0.0
2026,restofseason,Stephen Gosnell,WR,BUF,@HOU,7,0.0,0.0
2026,restofseason,Brayden Willis,TE,SF,@LAR,8,1.0,0.0
2026,restofseason,Eric Dungey,QB,CIN,TB,6,0.0,0.0
2026,restofseason,Stone Smartt,TE,NO,@DET,8,1.0,0.0
2026,restofseason,Ian Thomas,TE,LV,MIA,13,1.0,0.0
2026,restofseason,Luke Wysong,WR,MIN,GB,6,1.0,0.0
2026,restofseason,Hassan Hall,RB,ARI,@LAC,14,1.0,0.0
2026,restofseason,Cole Kelley,QB,WAS,@PHI,7,1.0,0.0
2026,restofseason,Riley Sharp,TE,BAL,@IND,13,0.0,0.0
2026,restofseason,Joshua Cephus,WR,JAC,CLE,7,1.0,0.0
2026,restofseason,Ryan Willis,QB,CHI,@CAR,10,0.0,0.0
2026,restofseason,Mason Stokke,RB,CAR,CHI,5,1.0,0.0
2026,restofseason,Danny Gray,WR,PHI,WAS,10,1.0,0.0
2026,restofseason,Seydou Traore,TE,MIA,@LV,6,1.0,0.0
2026,restofseason,Jamal Haynes,RB,CIN,TB,6,1.0,0.0
2026,restofseason,Trayveon Williams,RB,DET,NO,6,1.0,0.0
2026,restofseason,Damien Alford,WR,NO,@DET,8,1.0,0.0
2026,restofseason,Rico Bussey,WR,PIT,ATL,9,1.0,0.0
2026,restofseason,Jake Hausmann,TE,WAS,@PHI,7,1.0,0.0
2026,restofseason,Eli Pancol,WR,IND,BAL,13,1.0,0.0
2026,restofseason,Tommy Mellott,WR,NO,@DET,8,1.0,0.0
2026,restofseason,Jashaun Corbin,RB,DAL,@NYG,14,1.0,0.0
2026,restofseason,Garett Maag,WR,MIN,GB,6,1.0,0.0
2026,restofseason,Isaiah Washington,WR,BAL,@IND,13,1.0,0.0
2026,restofseason,Devin Ross,WR,LV,MIA,13,1.0,0.0
2026,restofseason,Nelson Agholor,WR,BAL,@IND,13,1.0,0.0
2026,restofseason,ZaQuandre White,RB,MIA,@LV,6,1.0,0.0
2026,restofseason,Caullin Lacy,WR,NYJ,@TEN,13,1.0,0.0
2026,restofseason,Trent Sherfield,WR,BUF,@HOU,7,1.0,0.0
2026,restofseason,Julius Chestnut,RB,TEN,NYJ,9,1.0,0.0
2026,restofseason,Jeremiah Hall,TE,NYG,DAL,8,1.0,0.0
2026,restofseason,Jaelon Darden,WR,SEA,NE,11,1.0,0.0
2026,restofseason,Isi Sofele,RB,FA,BYE,0,1.0,0.0
2026,restofseason,Jaren Hall,QB,SEA,NE,11,1.0,0.0
2026,restofseason,Pierre Strong Jr.,RB,GB,@MIN,11,1.0,0.0
2026,restofseason,Camerun Peoples,RB,CAR,CHI,5,1.0,0.0
2026,restofseason,Darius Lassiter,WR,JAC,CLE,7,1.0,0.0
2026,restofseason,John FitzPatrick,TE,GB,@MIN,11,1.0,0.0
2026,restofseason,EJ Smith,RB,KC,DEN,5,1.0,0.0
2026,restofseason,Damien Caffrey,TE,CHI,@CAR,10,1.0,0.0
2026,restofseason,Winston Wright Jr.,WR,CLE,@JAC,11,1.0,0.0
2026,restofseason,Tyrell Shavers,WR,BUF,@HOU,7,1.0,0.0
2026,restofseason,Amari Cooper,WR,LV,MIA,13,1.0,0.0
2026,restofseason,Messiah Swinson,TE,GB,@MIN,11,1.0,0.0
2026,restofseason,Jarveon Howard,RB,BUF,@HOU,7,1.0,0.0
2026,restofseason,Golden Tate,WR,TEN,NYJ,9,1.0,0.0
2026,restofseason,Jaylen Johnson,WR,LAC,ARI,7,1.0,0.0
2026,restofseason,Cornell Powell,WR,PIT,ATL,9,1.0,0.0
2026,restofseason,Andy Isabella,WR,SF,@LAR,8,1.0,0.0
2026,restofseason,Shawn Poindexter,WR,SF,@LAR,8,1.0,0.0
2026,restofseason,Max Hurleman,RB,PIT,ATL,9,1.0,0.0
2026,restofseason,Devin Neal,RB,NO,@DET,8,2.0,0.0
2026,restofseason,Dan Villari,TE,LAR,SF,11,1.0,0.0
2026,restofseason,T.J. Luther,WR,CAR,CHI,5,1.0,0.0
2026,restofseason,Avery Williams,RB,NYJ,@TEN,13,1.0,0.0
2026,restofseason,Phillip Dorsett,WR,LV,MIA,13,1.0,0.0
2026,restofseason,Avery Davis,WR,DET,NO,6,1.0,0.0
2026,restofseason,DJ Giddens,RB,IND,BAL,13,3.0,0.0
2026,restofseason,DeAndre Thompkins,WR,GB,@MIN,11,1.0,0.0
2026,restofseason,Dare Ogunbowale,RB,LV,MIA,13,1.0,0.0
2026,restofseason,Jhamon Ausbon,WR,PHI,WAS,10,1.0,0.0
2026,restofseason,Khalil Dinkins,TE,SF,@LAR,8,1.0,0.0
2026,restofseason,Brandin Cooks,WR,BUF,@HOU,7,1.0,0.0
2026,restofseason,Adam Randall,RB,BAL,@IND,13,6.0,0.0
2026,restofseason,Riley Leonard,QB,IND,BAL,13,1.0,0.0
2026,restofseason,Giles Jackson,WR,PHI,WAS,10,1.0,0.0
2026,restofseason,Reggie White Jr.,WR,NYG,DAL,8,1.0,0.0
2026,restofseason,Mike White,QB,CAR,CHI,5,1.0,0.0
2026,restofseason,Jamal Pettigrew,TE,LAR,SF,11,1.0,0.0
2026,restofseason,Josiah Deguara,TE,NYG,DAL,8,1.0,0.0
2026,restofseason,DeVonte Dedmon,WR,MIA,@LV,6,1.0,0.0
2026,restofseason,Andrew Peasley,QB,NYJ,@TEN,13,1.0,0.0
2026,restofseason,Jeff Wilson,RB,MIA,@LV,6,1.0,0.0
2026,restofseason,Jalen Morton,QB,IND,BAL,13,1.0,0.0
2026,restofseason,Cody Chrest,WR,GB,@MIN,11,1.0,0.0
2026,restofseason,Juwan Green,WR,KC,DEN,5,1.0,0.0
2026,restofseason,Zavier Scott,RB,MIN,GB,6,1.0,0.0
2026,restofseason,Kyle Dixon,WR,NE,@SEA,11,1.0,0.0
2026,restofseason,Kaden Davis,WR,CHI,@CAR,10,1.0,0.0
2026,restofseason,Isaac Zico,WR,ARI,@LAC,14,1.0,0.0
2026,restofseason,Thomas Sperbeck,WR,TB,@CIN,10,1.0,0.0
2026,restofseason,Chris Finke,WR,CHI,@CAR,10,1.0,0.0
2026,restofseason,Kurtis Rourke,QB,SF,@LAR,8,1.0,0.0
2026,restofseason,Irvin Charles,WR,SEA,NE,11,1.0,0.0
2026,restofseason,Jeff Weimer,WR,KC,DEN,5,1.0,0.0
2026,restofseason,Khadarel Hodge,WR,SF,@LAR,8,1.0,0.0
2026,restofseason,Phillip Brooks,WR,KC,DEN,5,1.0,0.0
2026,restofseason,Sean Ryan,WR,BAL,@IND,13,0.0,0.0
2026,restofseason,Eric Rivers,WR,TB,@CIN,10,1.0,0.0
2026,restofseason,Nick Chubb,RB,HOU,BUF,8,1.0,0.0
2026,restofseason,Naz Bohannon,TE,JAC,CLE,7,1.0,0.0
2026,restofseason,Neil Pau'u,WR,BUF,@HOU,7,1.0,0.0
2026,restofseason,Bryce Ford-Wheaton,WR,NYG,DAL,8,1.0,0.0
2026,restofseason,Blake Proehl,WR,MIN,GB,6,1.0,0.0
2026,restofseason,Levi Lewis,QB,SEA,NE,11,1.0,0.0
2026,restofseason,Josh Reynolds,WR,NYJ,@TEN,13,1.0,0.0
2026,restofseason,Tyler Snead,WR,PIT,ATL,9,1.0,0.0
2026,restofseason,Rodney Anderson,RB,CIN,TB,6,1.0,0.0
2026,restofseason,Dedrick Mills,RB,DET,NO,6,0.0,0.0
2026,restofseason,Felix Harper,QB,CLE,@JAC,11,0.0,0.0
2026,restofseason,Lucas Scott,RB,BAL,@IND,13,1.0,0.0
2026,restofseason,DeAndre Hopkins,WR,BAL,@IND,13,1.0,0.0
2026,restofseason,Keith Towbridge,TE,WAS,@PHI,7,1.0,0.0
2026,restofseason,Nay'Quan Wright,RB,IND,BAL,13,1.0,0.0
2026,restofseason,Ke'Shawn Vaughn,RB,SF,@LAR,8,1.0,0.0
2026,restofseason,Connor Bazelak,QB,TB,@CIN,10,1.0,0.0
2026,restofseason,Trey Benson,RB,ARI,@LAC,14,2.0,0.0
2026,restofseason,Cyrus Allen,WR,KC,DEN,5,19.0,0.0
2026,restofseason,Taylor Elgersma,QB,GB,@MIN,11,1.0,0.0
2026,restofseason,Steven Stilianos,TE,DET,NO,6,0.0,0.0
2026,restofseason,Jonathan Duhart,WR,DET,NO,6,1.0,0.0
2026,restofseason,Hamze El-Zayat,WR,NYJ,@TEN,13,0.0,0.0
2026,restofseason,Josh Pearson,WR,TB,@CIN,10,1.0,0.0
2026,restofseason,Nate Sudfeld,QB,SF,@LAR,8,1.0,0.0
2026,restofseason,Brevin Jordan,TE,HOU,BUF,8,1.0,0.0
2026,restofseason,Ricky Person Jr.,RB,SEA,NE,11,1.0,0.0
2026,restofseason,Alec Ingold,RB,LAC,ARI,7,1.0,0.0
2026,restofseason,Bernhard Seikovits,TE,ARI,@LAC,14,1.0,0.0
2026,restofseason,K.J. Osborn,WR,TEN,NYJ,9,1.0,0.0
2026,restofseason,Nick Williams,WR,DEN,@KC,10,1.0,0.0
2026,restofseason,Ben Bryant,QB,NYJ,@TEN,13,1.0,0.0
2026,restofseason,Peyton Hendershot,TE,KC,DEN,5,1.0,0.0
2026,restofseason,LaQuvionte Gonzalez,WR,LAR,SF,11,1.0,0.0
2026,restofseason,Matt Corral,QB,MIN,GB,6,1.0,0.0
2026,restofseason,Gerrit Prince,TE,KC,DEN,5,1.0,0.0
2026,restofseason,Detrich Clark,WR,ATL,@PIT,11,1.0,0.0
2026,restofseason,Devon Ramsay,RB,FA,BYE,0,1.0,0.0
2026,restofseason,Daniel Jackson,WR,HOU,BUF,8,1.0,0.0
2026,restofseason,Dane Key,WR,DEN,@KC,10,1.0,0.0
2026,restofseason,Scott Orndoff,TE,PHI,WAS,10,1.0,0.0
2026,restofseason,Brady Boyd,WR,JAC,CLE,7,1.0,0.0
2026,restofseason,Mark Vital,TE,KC,DEN,5,1.0,0.0
2026,restofseason,Dez Fitzpatrick,WR,LAC,ARI,7,1.0,0.0
2026,restofseason,Zach Pascal,WR,NYG,DAL,8,1.0,0.0
2026,restofseason,Ty Fryfogle,WR,KC,DEN,5,1.0,0.0
2026,restofseason,CJ Donaldson,RB,NO,@DET,8,1.0,0.0
2026,restofseason,DJ Turner,WR,HOU,BUF,8,1.0,0.0
2026,restofseason,Myles Montgomery,RB,NE,@SEA,11,1.0,0.0
2026,restofseason,Ronnie Brown,RB,TB,@CIN,10,1.0,0.0
2026,restofseason,Amar Johnson,RB,LAC,ARI,7,1.0,0.0
2026,restofseason,Cam Johnson,WR,CAR,CHI,5,1.0,0.0
2026,restofseason,Trent Pennix,RB,IND,BAL,13,1.0,0.0
2026,restofseason,B.J. Baylor,RB,ATL,@PIT,11,1.0,0.0
2026,restofseason,Jordan Waters,RB,LAR,SF,11,1.0,0.0
2026,restofseason,Robert Tonyan,TE,PIT,ATL,9,1.0,0.0
2026,restofseason,Antoine Green,WR,DET,NO,6,1.0,0.0
2026,restofseason,Ameer Abdullah,RB,JAC,CLE,7,1.0,0.0
2026,restofseason,Samori Toure,WR,PHI,WAS,10,1.0,0.0
2026,restofseason,Aidan Robbins,RB,CLE,@JAC,11,1.0,0.0
2026,restofseason,Gus Edwards,RB,LAC,ARI,7,1.0,0.0
2026,restofseason,Frank Gore Jr.,RB,BUF,@HOU,7,1.0,0.0
2026,restofseason,Pat Conroy,TE,LV,MIA,13,1.0,0.0
2026,restofseason,Gunner Olszewski,WR,NYG,DAL,8,1.0,0.0
2026,restofseason,Hendon Hooker,QB,TEN,NYJ,9,1.0,0.0
2026,restofseason,Dayton Wade,WR,BAL,@IND,13,0.0,0.0
2026,restofseason,Marcedes Lewis,TE,DEN,@KC,10,1.0,0.0
2026,restofseason,Mitchell Tinsley,WR,HOU,BUF,8,1.0,0.0
2026,restofseason,Grant DuBose,WR,BUF,@HOU,7,1.0,0.0
2026,restofseason,Kenneth Harper,RB,NYG,DAL,8,1.0,0.0
2026,restofseason,Alex Wesley,WR,CHI,@CAR,10,0.0,0.0
2026,restofseason,Zack Annexstad,QB,TB,@CIN,10,1.0,0.0
2026,restofseason,Hassan Haskins,RB,NE,@SEA,11,1.0,0.0
2026,restofseason,Khalil McClain,WR,MIA,@LV,6,0.0,0.0
2026,restofseason,Joshua Kelley,RB,TEN,NYJ,9,1.0,0.0
2026,restofseason,Antonio Brown,WR,TB,@CIN,10,1.0,0.0
2026,restofseason,Trent Taylor,WR,SF,@LAR,8,1.0,0.0
2026,restofseason,Deshaun Fenwick,RB,GB,@MIN,11,1.0,0.0
2026,restofseason,Savion Williams,WR,GB,@MIN,11,1.0,0.0
2026,restofseason,Emeka Emezie,WR,ATL,@PIT,11,1.0,0.0
2026,restofseason,Markese Stepp,RB,NYJ,@TEN,13,1.0,0.0
2026,restofseason,Cameron Latu,TE,NE,@SEA,11,1.0,0.0
2026,restofseason,Josh Kelly,WR,HOU,BUF,8,1.0,0.0
2026,restofseason,Xavier Restrepo,WR,TEN,NYJ,9,1.0,0.0
2026,restofseason,Jon'Vea Johnson,WR,CHI,@CAR,10,1.0,0.0
2026,restofseason,Dennis Houston,WR,TB,@CIN,10,1.0,0.0
2026,restofseason,Austin Allen,TE,GB,@MIN,11,1.0,0.0
2026,restofseason,Kalif Jackson,TE,MIA,@LV,6,1.0,0.0
2026,restofseason,Patrick Taylor,RB,SF,@LAR,8,1.0,0.0
2026,restofseason,Jenson Stoshak,WR,CAR,CHI,5,1.0,0.0
2026,restofseason,Justin Tukes,TE,PHI,WAS,10,1.0,0.0
2026,restofseason,Barika Kpeenu,RB,TB,@CIN,10,1.0,0.0
2026,restofseason,Geor'quarius Spivey,TE,KC,DEN,5,1.0,0.0
2026,restofseason,Nsimba Webster,WR,CHI,@CAR,10,0.0,0.0
2026,restofseason,Nick Stevens,QB,DEN,@KC,10,1.0,0.0
2026,restofseason,Stephen Carlson,TE,CHI,@CAR,10,1.0,0.0
2026,restofseason,Reggie Virgil,WR,ARI,@LAC,14,1.0,0.0
2026,restofseason,Tahj Brooks,RB,CIN,TB,6,1.0,0.0
2026,restofseason,JJ Howland,TE,TB,@CIN,10,1.0,0.0
2026,restofseason,Jordan Ellis,RB,CIN,TB,6,1.0,0.0
2026,restofseason,Casey Bauman,QB,LAC,ARI,7,1.0,0.0
2026,restofseason,Kejon Owens,RB,MIN,GB,6,1.0,0.0
2026,restofseason,Connor Hulstein,TE,NYJ,@TEN,13,0.0,0.0
2026,restofseason,Noah Thomas,WR,CIN,TB,6,1.0,0.0
2026,restofseason,Gavin Hardison,QB,MIA,@LV,6,1.0,0.0
2026,restofseason,Emanuel Hall,WR,WAS,@PHI,7,1.0,0.0
2026,restofseason,Connor Wedington,WR,SEA,NE,11,1.0,0.0
2026,restofseason,Tommy DeVito,QB,NE,@SEA,11,1.0,0.0
2026,restofseason,Trey Palmer,WR,NO,@DET,8,1.0,0.0
2026,restofseason,Sandro Platzgummer,RB,NYG,DAL,8,1.0,0.0
2026,restofseason,JaQuae Jackson,WR,LAC,ARI,7,1.0,0.0
2026,restofseason,James Butler,RB,LV,MIA,13,1.0,0.0
2026,restofseason,Drake Dabney,TE,GB,@MIN,11,1.0,0.0
2026,restofseason,Noah Gindorff,TE,PIT,ATL,9,1.0,0.0
2026,restofseason,Malik McClain,WR,NYJ,@TEN,13,1.0,0.0
2026,restofseason,Bryce Perkins,QB,CAR,CHI,5,1.0,0.0
2026,restofseason,Tahj Washington,WR,PHI,WAS,10,1.0,0.0
2026,restofseason,Anthony Tyus III,RB,CAR,CHI,5,1.0,0.0
2026,restofseason,Kelly Akharaiyi,WR,ARI,@LAC,14,1.0,0.0
2026,restofseason,Chase Harrell,TE,SF,@LAR,8,1.0,0.0
2026,restofseason,Nolan Givan,TE,DET,NO,6,0.0,0.0
2026,restofseason,Rysen John,TE,CHI,@CAR,10,1.0,0.0
2026,restofseason,John Wolford,QB,MIN,GB,6,1.0,0.0
2026,restofseason,Cephus Johnson III,WR,TB,@CIN,10,1.0,0.0
2026,restofseason,Dallen Bentley,TE,DEN,@KC,10,1.0,0.0
2026,restofseason,Ronnie Rivers,RB,LAR,SF,11,1.0,0.0
2026,restofseason,Nyheim Miller-Hines,RB,NO,@DET,8,1.0,0.0
2026,restofseason,Bryan Thompson,WR,BUF,@HOU,7,1.0,0.0
2026,restofseason,Gary Brightwell,RB,CIN,TB,6,1.0,0.0
2026,restofseason,Marquez Valdes-Scantling,WR,DAL,@NYG,14,1.0,0.0
2026,restofseason,Ahmani Marshall,RB,CAR,CHI,5,1.0,0.0
2026,restofseason,Kennedy Brooks,RB,PHI,WAS,10,1.0,0.0
2026,restofseason,Austin Reed,QB,BAL,@IND,13,1.0,0.0
2026,restofseason,Bryson Nesbit,TE,MIN,GB,6,1.0,0.0
2026,restofseason,Emari Demercado,RB,DAL,@NYG,14,3.0,0.0
2026,restofseason,Coleman Owen,WR,IND,BAL,13,1.0,0.0
2026,restofseason,Carter Bradley,QB,JAC,CLE,7,1.0,0.0
2026,restofseason,Kalil Pimpleton,WR,NYG,DAL,8,1.0,0.0
2026,restofseason,Thayer Thomas,WR,DEN,@KC,10,1.0,0.0
2026,restofseason,Brandon Lewis,WR,TEN,NYJ,9,1.0,0.0
2026,restofseason,Isaiah McKoy,WR,IND,BAL,13,1.0,0.0
2026,restofseason,Taj McGowan,RB,JAC,CLE,7,1.0,0.0
2026,restofseason,Jacob Sirmon,QB,CLE,@JAC,11,0.0,0.0
2026,restofseason,John Hall,WR,SEA,NE,11,1.0,0.0
2026,restofseason,Marcus Santos-Silva,TE,CLE,@JAC,11,1.0,0.0
2026,restofseason,Ben DiNucci,QB,DEN,@KC,10,1.0,0.0
2026,restofseason,Britain Covey,WR,PHI,WAS,10,1.0,0.0
2026,restofseason,Artayvious Lynn,TE,DAL,@NYG,14,1.0,0.0
2026,restofseason,Makai Polk,WR,ATL,@PIT,11,1.0,0.0
2026,restofseason,Louis Rees-Zammit,RB,JAC,CLE,7,1.0,0.0
2026,restofseason,Thomas Ives,WR,CHI,@CAR,10,1.0,0.0
2026,restofseason,Dorian Thompson-Robinson,QB,PHI,WAS,10,1.0,0.0
2026,restofseason,James Morgan,QB,ARI,@LAC,14,1.0,0.0
2026,restofseason,Patrick Ricard,RB,NYG,DAL,8,1.0,0.0
2026,restofseason,Anthony Torres,TE,LAR,SF,11,1.0,0.0
2026,restofseason,Kelly Bryant,QB,FA,BYE,0,1.0,0.0
2026,restofseason,Dalyn Williams,QB,CHI,@CAR,10,1.0,0.0
2026,restofseason,A.T. Perry,WR,PIT,ATL,9,1.0,0.0
2026,restofseason,Hank Beatty,WR,TEN,NYJ,9,1.0,0.0
2026,restofseason,Gabriel Benyard,WR,CAR,CHI,5,1.0,0.0
2026,restofseason,Drake Stoops,WR,LAR,SF,11,1.0,0.0
2026,restofseason,Stephon Robinson Jr.,WR,ARI,@LAC,14,1.0,0.0
2026,restofseason,Eli Wilson,RB,CLE,@JAC,11,1.0,0.0
2026,restofseason,Trey Lance,QB,LAC,ARI,7,1.0,0.0
2026,restofseason,Khalfani Muhammad,RB,ARI,@LAC,14,1.0,0.0
2026,restofseason,Trey Knox,TE,MIN,GB,6,1.0,0.0
2026,restofseason,Jimmy Holiday,WR,KC,DEN,5,1.0,0.0
2026,restofseason,Zach Ertz,TE,WAS,@PHI,7,1.0,0.0
2026,restofseason,Ja'seem Reed,WR,CAR,CHI,5,1.0,0.0
2026,restofseason,DJ Chark,WR,ATL,@PIT,11,1.0,0.0
2026,restofseason,Jaret Patterson,RB,LAC,ARI,7,1.0,0.0
2026,restofseason,Bryce Love,RB,WAS,@PHI,7,1.0,0.0
2026,restofseason,Gabe Davis,WR,BUF,@HOU,7,1.0,0.0
2026,restofseason,Aidan O'Connell,QB,LV,MIA,13,1.0,0.0
2026,restofseason,Demeer Blankumsee,WR,NE,@SEA,11,1.0,0.0
2026,restofseason,Giovanni Ricci,TE,DET,NO,6,1.0,0.0
2026,restofseason,Phil Mafah,RB,DAL,@NYG,14,1.0,0.0
2026,restofseason,Griffin Neal,QB,NO,@DET,8,1.0,0.0
2026,restofseason,Javian Hawkins,RB,LAR,SF,11,1.0,0.0
2026,restofseason,Tracy Moore,WR,FA,BYE,0,1.0,0.0
2026,restofseason,Gavin Bartholomew,TE,MIN,GB,6,1.0,0.0
2026,restofseason,Cole Burgess,WR,PIT,ATL,9,1.0,0.0
2026,restofseason,Chevan Cordeiro,QB,SEA,NE,11,0.0,0.0
2026,restofseason,Sam Pinckney,WR,CAR,CHI,5,1.0,0.0
2026,restofseason,Anthony Miller,WR,BAL,@IND,13,1.0,0.0
2026,restofseason,Michael Jacobson,TE,NO,@DET,8,1.0,0.0
2026,restofseason,Graham Mertz,QB,HOU,BUF,8,1.0,0.0
2026,restofseason,Kobe Hudson,WR,CAR,CHI,5,1.0,0.0
2026,restofseason,Danny Etling,QB,GB,@MIN,11,1.0,0.0
2026,restofseason,Riley Nowakowski,TE,PIT,ATL,9,1.0,0.0
2026,restofseason,Trevon Clark,WR,BAL,@IND,13,1.0,0.0
2026,restofseason,Sam Wiglusz,WR,LAR,SF,11,1.0,0.0
2026,restofseason,Gary Chambers,WR,BUF,@HOU,7,1.0,0.0
2026,restofseason,Mac Dalena,WR,BUF,@HOU,7,0.0,0.0
2026,restofseason,Willie Johnson,WR,JAC,CLE,7,1.0,0.0
2026,restofseason,Kareem Hunt,RB,KC,DEN,5,2.0,0.0
2026,restofseason,Omar Bayless,WR,KC,DEN,5,1.0,0.0
2026,restofseason,Justin Joly,TE,MIA,@LV,6,1.0,0.0
2026,restofseason,Shane Watts,RB,NE,@SEA,11,1.0,0.0
2026,restofseason,Sal Cannella,TE,CLE,@JAC,11,1.0,0.0
2026,restofseason,DaVaris Daniels,WR,NE,@SEA,11,1.0,0.0
2026,restofseason,Matt Seybert,TE,LAC,ARI,7,1.0,0.0
2026,restofseason,Caleb Lohner,TE,DEN,@KC,10,1.0,0.0
2026,restofseason,David Wallis,WR,NE,@SEA,11,1.0,0.0
2026,restofseason,Grant Finley,RB,NYG,DAL,8,1.0,0.0
2026,restofseason,Tyler Adams,WR,IND,BAL,13,1.0,0.0
2026,restofseason,Marcus Yarns,RB,NO,@DET,8,1.0,0.0
2026,restofseason,Austin Watkins Jr.,WR,PHI,WAS,10,1.0,0.0
2026,restofseason,Darion Clark,TE,CHI,@CAR,10,1.0,0.0
2026,restofseason,Thomas Gordon,TE,DET,NO,6,1.0,0.0
2026,restofseason,Kazmeir Allen,WR,WAS,@PHI,7,1.0,0.0
2026,restofseason,Jack Velling,TE,ATL,@PIT,11,1.0,0.0
2026,restofseason,Jordan Moore,WR,CIN,TB,6,0.0,0.0
2026,restofseason,Travis Toivonen,WR,MIN,GB,6,1.0,0.0
2026,restofseason,E.J. Perry,QB,JAC,CLE,7,1.0,0.0
2026,restofseason,Trey Sermon,RB,ATL,@PIT,11,1.0,0.0
2026,restofseason,John Hurst,WR,IND,BAL,13,1.0,0.0
2026,restofseason,Deon Cain,WR,BUF,@HOU,7,1.0,0.0
2026,restofseason,Nathan Rourke,QB,ATL,@PIT,11,1.0,0.0
2026,restofseason,Michael Dyer,RB,LV,MIA,13,1.0,0.0
2026,restofseason,David Durden,WR,DAL,@NYG,14,1.0,0.0
2026,restofseason,Malcome Kennedy,WR,NO,@DET,8,1.0,0.0
2026,restofseason,Logan Woodside,QB,ARI,@LAC,14,1.0,0.0
2026,restofseason,Cameron Dorner,WR,NE,@SEA,11,1.0,0.0
2026,restofseason,Cam Ross,WR,DEN,@KC,10,1.0,0.0
2026,restofseason,Papi White,WR,TEN,NYJ,9,1.0,0.0
2026,restofseason,John Raine,TE,ATL,@PIT,11,0.0,0.0
2026,restofseason,Sincere McCormick,RB,SF,@LAR,8,1.0,0.0
2026,restofseason,Keaontay Ingram,RB,KC,DEN,5,1.0,0.0
2026,restofseason,Teddy Bridgewater,QB,DET,NO,6,1.0,0.0
2026,restofseason,Davis Cheek,QB,CAR,CHI,5,0.0,0.0
2026,restofseason,Desmond Ridder,QB,GB,@MIN,11,1.0,0.0
2026,restofseason,Nate Noel,RB,IND,BAL,13,1.0,0.0
2026,restofseason,Brevin Easton,WR,JAC,CLE,7,1.0,0.0
2026,restofseason,A.J. Henning,WR,MIA,@LV,6,1.0,0.0
2026,restofseason,Graham Adomitis,TE,IND,BAL,13,1.0,0.0
2026,restofseason,Seth Williams,WR,LV,MIA,13,1.0,0.0
2026,restofseason,Montrell Johnson Jr.,RB,CAR,CHI,5,1.0,0.0
2026,restofseason,Javon Baker,WR,SF,@LAR,8,1.0,0.0
2026,restofseason,Nick Easley,WR,BUF,@HOU,7,0.0,0.0
2026,restofseason,Landon Parker,WR,IND,BAL,13,1.0,0.0
2026,restofseason,Robert Henry Jr.,RB,WAS,@PHI,7,1.0,0.0
2026,restofseason,Quartney Davis,WR,IND,BAL,13,1.0,0.0
2026,restofseason,Luke Musgrave,TE,GB,@MIN,11,1.0,0.0
2026,restofseason,Ben Sims,TE,MIA,@LV,6,1.0,0.0
2026,restofseason,Tim Jones,WR,JAC,CLE,7,1.0,0.0
2026,restofseason,Kyle Allen,QB,BUF,@HOU,7,1.0,0.0
2026,restofseason,Tavonn Salter,WR,ATL,@PIT,11,1.0,0.0
2026,restofseason,Seth Henigan,QB,IND,BAL,13,1.0,0.0
2026,restofseason,K.J. Costello,QB,NO,@DET,8,1.0,0.0
2026,restofseason,Henry Litwin,WR,CHI,@CAR,10,1.0,0.0
2026,restofseason,Tyler Simmons,WR,PIT,ATL,9,1.0,0.0
2026,restofseason,Vinny Anthony II,WR,ATL,@PIT,11,1.0,0.0
2026,restofseason,Hal Presley,WR,TEN,NYJ,9,1.0,0.0
2026,restofseason,K.J. Hamler,WR,BUF,@HOU,7,1.0,0.0
2026,restofseason,Max Duggan,QB,LAC,ARI,7,1.0,0.0
2026,restofseason,Kyle Sloter,QB,JAC,CLE,7,1.0,0.0
2026,restofseason,Michael Pratt,QB,TB,@CIN,10,1.0,0.0
2026,restofseason,Stephen Guidry,WR,DAL,@NYG,14,1.0,0.0
2026,restofseason,Moliki Matavao,TE,NO,@DET,8,1.0,0.0
2026,restofseason,Jared Scott,TE,IND,BAL,13,1.0,0.0
2026,restofseason,Brandon Peters,QB,LAC,ARI,7,1.0,0.0
2026,restofseason,Cameron Camper,WR,NYJ,@TEN,13,1.0,0.0
2026,restofseason,Bailey Zappe,QB,NYJ,@TEN,13,1.0,0.0
2026,restofseason,Brenden Bates,TE,CLE,@JAC,11,1.0,0.0
2026,restofseason,Jacob Breeland,TE,BAL,@IND,13,1.0,0.0
2026,restofseason,Kenji Bahar,QB,BAL,@IND,13,1.0,0.0
2026,restofseason,Bryant Koback,RB,SEA,NE,11,1.0,0.0
2026,restofseason,Hunter Renfrow,WR,CAR,CHI,5,1.0,0.0
2026,restofseason,Dan Chisena,WR,CAR,CHI,5,1.0,0.0
2026,restofseason,Jaray Jenkins,WR,PIT,ATL,9,1.0,0.0
2026,restofseason,Hayden Hurst,TE,LAC,ARI,7,1.0,0.0
2026,restofseason,Leon Johnson III,WR,LAC,ARI,7,1.0,0.0
2026,restofseason,Jeremiah Franklin,TE,MIA,@LV,6,0.0,0.0
2026,restofseason,Derek Carr,QB,NO,@DET,8,1.0,0.0
2026,restofseason,Odieu Hiliare,WR,ATL,@PIT,11,0.0,0.0
2026,restofseason,Taye Barber,WR,TB,@CIN,10,1.0,0.0
2026,restofseason,Lideatrick Griffin,WR,GB,@MIN,11,1.0,0.0
2026,restofseason,Nick DeGennaro,WR,NE,@SEA,11,1.0,0.0
2026,restofseason,Ryan Williams,QB,GB,@MIN,11,1.0,0.0
2026,restofseason,Jonathan Adams Jr.,WR,DET,NO,6,1.0,0.0
2026,restofseason,Daewood Davis,WR,CAR,CHI,5,0.0,0.0
2026,restofseason,Tyler Goodson,RB,ATL,@PIT,11,1.0,0.0
2026,restofseason,Dontae Fleming,WR,MIN,GB,6,1.0,0.0
2026,restofseason,John Kelly,RB,CLE,@JAC,11,1.0,0.0
2026,restofseason,Jibri Blount,TE,MIA,@LV,6,1.0,0.0
2026,restofseason,Dom Wood-Anderson,TE,SEA,NE,11,0.0,0.0
2026,restofseason,Khalan Laborn,RB,SF,@LAR,8,1.0,0.0
2026,restofseason,Chris Brazzell II,WR,CAR,CHI,5,2.0,0.0
2026,restofseason,Montrell Washington,WR,HOU,BUF,8,1.0,0.0
2026,restofseason,Drew Estrada,WR,HOU,BUF,8,1.0,0.0
2026,restofseason,Grayson Gunter,TE,JAC,CLE,7,1.0,0.0
2026,restofseason,DJ Uiagalelei,QB,LAC,ARI,7,1.0,0.0
2026,restofseason,Isaiah Searight,TE,NYG,DAL,8,1.0,0.0
2026,restofseason,Jack Plummer,QB,CAR,CHI,5,1.0,0.0
2026,restofseason,Nick Muse,TE,ATL,@PIT,11,1.0,0.0
2026,restofseason,Erik Ezukanma,WR,PHI,WAS,10,1.0,0.0
2026,restofseason,Jalen Wayne,WR,GB,@MIN,11,0.0,0.0
2026,restofseason,Deven Thompkins,WR,LV,MIA,13,1.0,0.0
2026,restofseason,Raheem Mostert,RB,LV,MIA,13,1.0,0.0
2026,restofseason,Colby Suits,QB,NYJ,@TEN,13,1.0,0.0
2026,restofseason,Daniel Sobkowicz,WR,HOU,BUF,8,1.0,0.0
2026,restofseason,Shaquan Davis,WR,PIT,ATL,9,1.0,0.0
2026,restofseason,Jordan Petaia,TE,LAC,ARI,7,1.0,0.0
2026,restofseason,Devonte Ross,WR,LAC,ARI,7,1.0,0.0
2026,restofseason,Kevin Foelsch,TE,PIT,ATL,9,1.0,0.0
2026,restofseason,Jackson Acker,RB,BUF,@HOU,7,1.0,0.0
2026,restofseason,Calvin Tyler Jr.,RB,CIN,TB,6,1.0,0.0
2026,restofseason,Carl Tucker,TE,MIA,@LV,6,1.0,0.0
2026,restofseason,Shedrick Jackson,WR,LV,MIA,13,0.0,0.0
2026,restofseason,Lachlan Pitts,TE,CHI,@CAR,10,1.0,0.0
2026,restofseason,Ainias Smith,WR,CAR,CHI,5,1.0,0.0
2026,restofseason,Royce Freeman,RB,LAC,ARI,7,1.0,0.0
2026,restofseason,Brady Russell,RB,SEA,NE,11,1.0,0.0
2026,restofseason,Curtis Samuel,WR,BUF,@HOU,7,1.0,0.0
2026,restofseason,Dante Miller,RB,NYG,DAL,8,1.0,0.0
2026,restofseason,Johnny Johnson III,WR,HOU,BUF,8,1.0,0.0
2026,restofseason,Kalel Mullings,RB,TEN,NYJ,9,1.0,0.0
2026,restofseason,Jared Wiley,TE,KC,DEN,5,1.0,0.0
2026,restofseason,Julian Hicks,WR,SEA,NE,11,1.0,0.0
2026,restofseason,Carlos Washington Jr.,RB,MIA,@LV,6,1.0,0.0
2026,restofseason,Deontez Alexander,WR,SEA,NE,11,1.0,0.0
2026,restofseason,Tyler Kahmann,WR,IND,BAL,13,1.0,0.0
2026,restofseason,Thomas Greaney,TE,CLE,@JAC,11,1.0,0.0
2026,restofseason,Bug Howard,WR,TB,@CIN,10,1.0,0.0
2026,restofseason,Jaylen Smith,WR,SEA,NE,11,1.0,0.0
2026,restofseason,Scooter Harrington,TE,CHI,@CAR,10,1.0,0.0
2026,restofseason,Terry Wright,WR,MIA,@LV,6,0.0,0.0
2026,restofseason,Alfonzo Graham,RB,PIT,ATL,9,1.0,0.0
2026,restofseason,Irv Smith,TE,HOU,BUF,8,1.0,0.0
2026,restofseason,Harvey Binford,WR,IND,BAL,13,1.0,0.0
2026,restofseason,Brandon Aiyuk,WR,SF,@LAR,8,4.0,0.0
2026,restofseason,Dalton Schoen,WR,KC,DEN,5,1.0,0.0
2026,restofseason,Ed Lee,WR,NE,@SEA,11,0.0,0.0
2026,restofseason,Ja'Quinden Jackson,RB,PHI,WAS,10,1.0,0.0
2026,restofseason,Alex Gray,TE,ATL,@PIT,11,1.0,0.0
2026,restofseason,Oliver Martin,WR,JAC,CLE,7,1.0,0.0
2026,restofseason,Brandon Bridge,QB,FA,BYE,0,1.0,0.0
2026,restofseason,Travell Harris,WR,CLE,@JAC,11,0.0,0.0
2026,restofseason,T.J. Rahming,WR,MIA,@LV,6,1.0,0.0
2026,restofseason,Chase Curtis,TE,NYJ,@TEN,13,1.0,0.0
2026,restofseason,Devonte Robinson,WR,GB,@MIN,11,1.0,0.0
2026,restofseason,Rakim Jarrett,WR,PIT,ATL,9,1.0,0.0
2026,restofseason,Brandon Allen,QB,NYG,DAL,8,1.0,0.0
2026,restofseason,DJ Herman,RB,MIA,@LV,6,1.0,0.0
2026,restofseason,Tre'Shaun Harrison,WR,TEN,NYJ,9,1.0,0.0
2026,restofseason,Owen Wright,RB,HOU,BUF,8,1.0,0.0
2026,restofseason,Elijah Sarratt,WR,BAL,@IND,13,3.0,0.0
2026,restofseason,Levi Wentz,WR,PIT,ATL,9,0.0,0.0
2026,restofseason,Michael Wortham,WR,JAC,CLE,7,1.0,0.0
2026,restofseason,Jacolby George,WR,CAR,CHI,5,1.0,0.0
2026,restofseason,Dimitri Stanley,WR,GB,@MIN,11,0.0,0.0
2026,restofseason,Austin Fort,TE,TEN,NYJ,9,1.0,0.0
2026,restofseason,Jalen Reagor,WR,MIA,@LV,6,1.0,0.0
2026,restofseason,Sean McKeon,TE,IND,BAL,13,1.0,0.0
2026,restofseason,Sy Barnett,WR,NO,@DET,8,1.0,0.0
2026,restofseason,Julian Hill,TE,NE,@SEA,11,1.0,0.0
2026,restofseason,Braxton Burmeister,WR,LAR,SF,11,1.0,0.0
2026,restofseason,ShunDerrick Powell,RB,KC,DEN,5,1.0,0.0
2026,restofseason,Michael Trigg,TE,DAL,@NYG,14,1.0,0.0
2026,restofseason,Cortrelle Simpson,WR,TB,@CIN,10,1.0,0.0
2026,restofseason,Corey Rucker,WR,LV,MIA,13,0.0,0.0
2026,restofseason,Jeret Smith,WR,KC,DEN,5,1.0,0.0
2026,restofseason,Jalen Royals,WR,KC,DEN,5,1.0,0.0
2026,restofseason,Manny Wilkins,QB,GB,@MIN,11,1.0,0.0
2026,restofseason,Malik Knowles,WR,SF,@LAR,8,1.0,0.0
2026,restofseason,Antonio Nunn,WR,ATL,@PIT,11,1.0,0.0
2026,restofseason,Holton Ahlers,QB,SEA,NE,11,1.0,0.0
2026,restofseason,Ja'Corey Brooks,WR,WAS,@PHI,7,1.0,0.0
2026,restofseason,Jamison Crowder,WR,WAS,@PHI,7,1.0,0.0
2026,restofseason,Ben Patterson,WR,CLE,@JAC,11,1.0,0.0
2026,restofseason,Raylen Sharpe,WR,IND,BAL,13,1.0,0.0
2026,restofseason,Brayden Lenius,TE,ATL,@PIT,11,1.0,0.0
2026,restofseason,Mike Strachan,WR,WAS,@PHI,7,1.0,0.0
2026,restofseason,Zach Davidson,TE,NYG,DAL,8,1.0,0.0
2026,restofseason,Jeff Caldwell,WR,KC,DEN,5,1.0,0.0
2026,restofseason,Jermaine Burton,WR,CIN,TB,6,1.0,0.0
2026,restofseason,Taysom Hill,QB-TE,NO,@DET,8,1.0,0.0
2026,restofseason,Abram Smith,RB,MIN,GB,6,1.0,0.0
2026,restofseason,Josh Reese,WR,PHI,WAS,10,0.0,0.0
2026,restofseason,Jalen Williams,WR,NYG,DAL,8,1.0,0.0
2026,restofseason,Zach D'Orazio,WR,NE,@SEA,11,1.0,0.0
2026,restofseason,Mason Tipton,WR,NO,@DET,8,1.0,0.0
2026,restofseason,Kyle Philips,WR,LV,MIA,13,1.0,0.0
2026,restofseason,Chris Blair,WR,ATL,@PIT,11,1.0,0.0
2026,restofseason,C.J. Uzomah,TE,PHI,WAS,10,1.0,0.0
2026,restofseason,Justin Shorter,TE,LV,MIA,13,1.0,0.0
2026,restofseason,Monaray Baldwin,WR,MIA,@LV,6,1.0,0.0
2026,restofseason,Jalin Conyers,TE,MIA,@LV,6,1.0,0.0
2026,restofseason,Dontay Demus Jr.,WR,BAL,@IND,13,1.0,0.0
2026,restofseason,Michael Briscoe,WR,MIN,GB,6,1.0,0.0
2026,restofseason,Elijah Cooks,WR,CAR,CHI,5,1.0,0.0
2026,restofseason,Reid Sinnett,QB,CIN,TB,6,1.0,0.0
2026,restofseason,Jakob Johnson,RB,HOU,BUF,8,1.0,0.0
2026,restofseason,Jaxon Janke,WR,HOU,BUF,8,1.0,0.0
2026,restofseason,Luke Benson,TE,LAC,ARI,7,1.0,0.0
2026,restofseason,Erik Krommenhoek,TE,LAC,ARI,7,1.0,0.0
2026,restofseason,Cary Angeline,TE,PHI,WAS,10,1.0,0.0
2026,restofseason,Key'Shawn Smith,WR,KC,DEN,5,1.0,0.0
2026,restofseason,Deneric Prince,RB,NE,@SEA,11,1.0,0.0
2026,restofseason,Kylen Granson,TE,TEN,NYJ,9,1.0,0.0
2026,restofseason,David Sills,WR,TB,@CIN,10,1.0,0.0
2026,restofseason,Savon Scarver,WR,CHI,@CAR,10,1.0,0.0
2026,restofseason,Josh Harper,WR,LV,MIA,13,1.0,0.0
2026,restofseason,Nick Vannett,TE,SEA,NE,11,1.0,0.0
2026,restofseason,TaMerik Williams,RB,SEA,NE,11,1.0,0.0
2026,restofseason,Marcus Riley,WR,NYJ,@TEN,13,1.0,0.0
2026,restofseason,Malick Meiga,WR,CAR,CHI,5,1.0,0.0
2026,restofseason,Collin Klein,QB,FA,BYE,0,1.0,0.0
2026,restofseason,Jake Herslow,WR,SEA,NE,11,0.0,0.0
2026,restofseason,Max Tomczak,WR,BUF,@HOU,7,1.0,0.0
2026,restofseason,Miles Boykin,WR,CHI,@CAR,10,1.0,0.0
2026,restofseason,Russell Gage,WR,SF,@LAR,8,1.0,0.0
2026,restofseason,Garrett Nussmeier,QB,KC,DEN,5,1.0,0.0
2026,restofseason,Whop Philyor,WR,MIN,GB,6,1.0,0.0
2026,restofseason,Jared Wayne,WR,HOU,BUF,8,1.0,0.0
2026,restofseason,Donovan Peoples-Jones,WR,NO,@DET,8,1.0,0.0
2026,restofseason,Ramon Jefferson,RB,TB,@CIN,10,1.0,0.0
2026,restofseason,Colson Yankoff,TE,WAS,@PHI,7,1.0,0.0
2026,restofseason,Miles Davis,RB,CAR,CHI,5,1.0,0.0
2026,restofseason,Deonte Harty,WR,BAL,@IND,13,1.0,0.0
2026,restofseason,Shae Wyatt,WR,SF,@LAR,8,1.0,0.0
2026,restofseason,Geoff Swaim,TE,CLE,@JAC,11,1.0,0.0
2026,restofseason,Devin Gray,WR,KC,DEN,5,1.0,0.0
2026,restofseason,Dameon Pierce,RB,PHI,WAS,10,1.0,0.0
2026,restofseason,Kadarius Calloway,RB,TB,@CIN,10,1.0,0.0
2026,restofseason,Jalen Wydermyer,TE,IND,BAL,13,1.0,0.0
2026,restofseason,Garrett Walston,TE,SF,@LAR,8,1.0,0.0
2026,restofseason,JoJo Ward,WR,ARI,@LAC,14,1.0,0.0
2026,restofseason,John Stephens Jr.,TE,DAL,@NYG,14,1.0,0.0
2026,restofseason,Siaosi Mariner,WR,BAL,@IND,13,1.0,0.0
2026,restofseason,Dylan Leonard,TE,DEN,@KC,10,1.0,0.0
2026,restofseason,Tiyon Evans,RB,CAR,CHI,5,1.0,0.0
2026,restofseason,DK Kaufman,RB,SEA,NE,11,1.0,0.0
2026,restofseason,Carson Towt,TE,IND,BAL,13,1.0,0.0
2026,restofseason,Patrick Murtagh,TE,DEN,@KC,10,1.0,0.0
2026,restofseason,DJ Thomas-Jones,TE,PIT,ATL,9,1.0,0.0
2026,restofseason,Gavin Holmes,WR,TEN,NYJ,9,1.0,0.0
2026,restofseason,John Copenhaver,TE,JAC,CLE,7,1.0,0.0
2026,restofseason,Philip Rivers,QB,IND,BAL,13,1.0,0.0
2026,restofseason,Dareke Young,WR,LV,MIA,13,1.0,0.0
2026,restofseason,Daje Johnson,WR,ATL,@PIT,11,1.0,0.0
2026,restofseason,Darius Anderson,RB,HOU,BUF,8,1.0,0.0
2026,restofseason,Jake Roh,TE,ATL,@PIT,11,1.0,0.0
2026,restofseason,Elijhah Badger,WR,KC,DEN,5,1.0,0.0
2026,restofseason,Jahmal Banks,WR,BAL,@IND,13,1.0,0.0
2026,restofseason,J. Michael Sturdivant,WR,GB,@MIN,11,1.0,0.0
2026,restofseason,Jake Dolegala,QB,MIA,@LV,6,1.0,0.0
2026,restofseason,Jalen Hurd,WR,NE,@SEA,11,1.0,0.0
2026,restofseason,Skylar Thompson,QB,BAL,@IND,13,1.0,0.0
2026,restofseason,Amba Etta-Tawo,WR,HOU,BUF,8,1.0,0.0
2026,restofseason,Tre' McKitty,TE,WAS,@PHI,7,1.0,0.0
2026,restofseason,Darius Slayton,WR,NYG,DAL,8,3.0,0.0
2026,restofseason,Isaiah Wooden,WR,CLE,@JAC,11,1.0,0.0
2026,restofseason,John Mitchell,WR,SEA,NE,11,1.0,0.0
2026,restofseason,Kye Robichaux,RB,DET,NO,6,1.0,0.0
2026,restofseason,Dillon Bell,WR,MIN,GB,6,1.0,0.0
2026,restofseason,Jake Browning,QB,TB,@CIN,10,1.0,0.0
2026,restofseason,Bruce Anderson,RB,IND,BAL,13,1.0,0.0
2026,restofseason,Jaydon Blue,RB,PHI,WAS,10,5.0,0.0
2026,restofseason,Kolbe Katsis,WR,DEN,@KC,10,1.0,0.0
2026,restofseason,Charles Holland,WR,CIN,TB,6,1.0,0.0
2026,restofseason,Ben Beise,TE,TB,@CIN,10,1.0,0.0
2026,restofseason,Tyson Bagent,QB,CHI,@CAR,10,1.0,0.0
2026,restofseason,JaMycal Hasty,RB,NE,@SEA,11,1.0,0.0
2026,restofseason,Steve Ishmael,WR,IND,BAL,13,1.0,0.0
2026,restofseason,Cody Schrader,RB,DEN,@KC,10,1.0,0.0
2026,restofseason,Mataeo Durant,RB,PIT,ATL,9,1.0,0.0
2026,restofseason,Sam Pitz,TE,BAL,@IND,13,0.0,0.0
2026,restofseason,CJ Marable,RB,NE,@SEA,11,0.0,0.0
2026,restofseason,Jordan Akins,TE,JAC,CLE,7,1.0,0.0
2026,restofseason,Jeremy Gallon,WR,LV,MIA,13,0.0,0.0
2026,restofseason,Pharaoh Brown,TE,IND,BAL,13,1.0,0.0
2026,restofseason,Calvin Jackson Jr.,WR,MIA,@LV,6,0.0,0.0
2026,restofseason,Jalon Calhoun,WR,DET,NO,6,0.0,0.0
2026,restofseason,Brian Lewerke,QB,NYG,DAL,8,0.0,0.0
2026,restofseason,Chad Kanoff,QB,TB,@CIN,10,1.0,0.0
2026,restofseason,Athan Kaliakmanis,QB,WAS,@PHI,7,1.0,0.0
2026,restofseason,Cole Herdman,TE,TEN,NYJ,9,1.0,0.0
2026,restofseason,Kay'ron Lynch-Adams,RB,CAR,CHI,5,1.0,0.0
2026,restofseason,Isaac Guerendo,RB,SF,@LAR,8,1.0,0.0
2026,restofseason,Lew Nichols,RB,PIT,ATL,9,1.0,0.0
2026,restofseason,Johnathon Johnson,WR,WAS,@PHI,7,1.0,0.0
2026,restofseason,Romello Brinson,WR,DAL,@NYG,14,1.0,0.0
2026,restofseason,Will Levis,QB,TEN,NYJ,9,1.0,0.0
2026,restofseason,Quentin Moore,TE,WAS,@PHI,7,1.0,0.0
2026,restofseason,Josh Hokit,RB,ARI,@LAC,14,1.0,0.0
2026,restofseason,Trabis Ward,RB,FA,BYE,0,1.0,0.0
2026,restofseason,Cole McDonald,QB,ARI,@LAC,14,1.0,0.0
2026,restofseason,Tyler Hudson,WR,LAR,SF,11,1.0,0.0
2026,restofseason,Micah Simon,WR,CAR,CHI,5,1.0,0.0
2026,restofseason,Miles Kitselman,TE,DET,NO,6,1.0,0.0
2026,restofseason,Beaux Collins,WR,ATL,@PIT,11,1.0,0.0
2026,restofseason,Alex McGough,QB,GB,@MIN,11,1.0,0.0
2026,restofseason,RJ Maryland,TE,GB,@MIN,11,1.0,0.0
2026,restofseason,Clayton Thorson,QB,NYG,DAL,8,1.0,0.0
2026,restofseason,John Michael Gyllenborg,TE,KC,DEN,5,1.0,0.0
2026,restofseason,Maurice Alexander,WR,CHI,@CAR,10,1.0,0.0
2026,restofseason,Tyrone Broden,WR,SEA,NE,11,1.0,0.0
2026,restofseason,Daijun Edwards,RB,PIT,ATL,9,1.0,0.0
2026,restofseason,Marcus Green,WR,PHI,WAS,10,1.0,0.0
2026,restofseason,Brandon Johnson,WR,PIT,ATL,9,1.0,0.0
2026,restofseason,Ellis Merriweather,RB,GB,@MIN,11,1.0,0.0
2026,restofseason,Dont'e Thornton Jr.,WR,LV,MIA,13,1.0,0.0
2026,restofseason,Kekoa Crawford,WR,KC,DEN,5,1.0,0.0
2026,restofseason,Will Pauling,WR,SF,@LAR,8,1.0,0.0
2026,restofseason,Jerome Kapp,WR,NYJ,@TEN,13,1.0,0.0
2026,restofseason,Darnell Holland,RB,NO,@DET,8,1.0,0.0
2026,restofseason,Stanley Morgan,WR,TEN,NYJ,9,1.0,0.0
2026,restofseason,Jody Fortson,TE,KC,DEN,5,1.0,0.0
2026,restofseason,Jake Bobo,WR,SEA,NE,11,1.0,0.0
2026,restofseason,Dalevon Campbell,WR,LAC,ARI,7,1.0,0.0
2026,restofseason,Antonio Gibson,RB,NE,@SEA,11,1.0,0.0
2026,restofseason,Jaquarii Roberson,WR,LAR,SF,11,1.0,0.0
2026,restofseason,Travis Dye,RB,NYJ,@TEN,13,0.0,0.0
2026,restofseason,Russell Wilson,QB,NYG,DAL,8,1.0,0.0
2026,restofseason,Mathew Sexton,WR,MIA,@LV,6,0.0,0.0
2026,restofseason,Malik Williams,WR,BUF,@HOU,7,1.0,0.0
2026,restofseason,Blayne Taylor,WR,IND,BAL,13,1.0,0.0
2026,restofseason,Adrian Martinez,QB,SF,@LAR,8,1.0,0.0
2026,restofseason,DeAndre Carter,WR,CLE,@JAC,11,1.0,0.0
2026,restofseason,Le'Veon Moss,RB,MIA,@LV,6,1.0,0.0
2026,restofseason,Donte Sylencieux,WR,BAL,@IND,13,0.0,0.0
2026,restofseason,Phillip Sims,QB,SEA,NE,11,1.0,0.0
2026,restofseason,Christian Sims,TE,LAR,SF,11,1.0,0.0
2026,restofseason,DT Sheffield,WR,NYJ,@TEN,13,1.0,0.0
2026,restofseason,Ryan Becker,TE,ATL,@PIT,11,1.0,0.0
2026,restofseason,George Aston,RB,NYG,DAL,8,1.0,0.0
2026,restofseason,Jamie Newman,QB,PHI,WAS,10,1.0,0.0
2026,restofseason,Aron Cruickshank,WR,PIT,ATL,9,1.0,0.0
2026,restofseason,Kyle Trask,QB,CAR,CHI,5,1.0,0.0
2026,restofseason,Courtney Jackson,WR,TEN,NYJ,9,1.0,0.0
2026,restofseason,Anthony Norris,TE,DEN,@KC,10,1.0,0.0
2026,restofseason,Jha'Quan Jackson,WR,TB,@CIN,10,1.0,0.0
2026,restofseason,Michael Dereus,WR,BAL,@IND,13,1.0,0.0
2026,restofseason,Jordan Bly,WR,NYG,DAL,8,1.0,0.0
2026,restofseason,Jalen Moreno-Cropper,WR,NO,@DET,8,1.0,0.0
2026,restofseason,Cade McDonald,WR,CLE,@JAC,11,1.0,0.0
2026,restofseason,Brett Rypien,QB,HOU,BUF,8,1.0,0.0
2026,restofseason,R.J. Starkey,WR,GB,@MIN,11,1.0,0.0
2026,restofseason,Thomas Odukoya,TE,NE,@SEA,11,1.0,0.0
2026,restofseason,Bryant Mitchell,WR,TB,@CIN,10,1.0,0.0
2026,restofseason,British Brooks,RB,HOU,BUF,8,1.0,0.0
2026,restofseason,Gerrid Doaks,RB,HOU,BUF,8,1.0,0.0
2026,restofseason,Leddie Brown,RB,LAC,ARI,7,1.0,0.0
2026,restofseason,Gee Scott Jr.,TE,NYJ,@TEN,13,1.0,0.0
2026,restofseason,Jaylen Jones,WR,LAC,ARI,7,1.0,0.0
2026,restofseason,Hayden Large,TE,CHI,@CAR,10,1.0,0.0
2026,restofseason,Samson Nacua,WR,NO,@DET,8,1.0,0.0
2026,restofseason,River Cracraft,WR,WAS,@PHI,7,1.0,0.0
2026,restofseason,Mike Harley,WR,MIA,@LV,6,1.0,0.0
2026,restofseason,Matt Landers,WR,TEN,NYJ,9,1.0,0.0
2026,restofseason,Patrick Gurd,TE,LV,MIA,13,1.0,0.0
2026,restofseason,Cody White,WR,SEA,NE,11,1.0,0.0
2026,restofseason,Mitch Van Vooren,TE,DAL,@NYG,14,1.0,0.0
2026,restofseason,Demetris Robertson,WR,SEA,NE,11,0.0,0.0
2026,restofseason,Austin Stogner,TE,ATL,@PIT,11,1.0,0.0
2026,restofseason,Jamaal Williams,RB,NO,@DET,8,1.0,0.0
2026,restofseason,Hayden Hatten,WR,SEA,NE,11,1.0,0.0
2026,restofseason,Aaron Anderson,WR,CLE,@JAC,11,1.0,0.0
2026,restofseason,De'Quan Hampton,WR,SEA,NE,11,1.0,0.0
2026,restofseason,Jamoi Mayes,WR,CIN,TB,6,1.0,0.0
2026,restofseason,Kamryn Pettway,RB,MIN,GB,6,1.0,0.0
2026,restofseason,Ife Adeyi,WR,PHI,WAS,10,1.0,0.0
2026,restofseason,Tyler Gaffney,RB,NE,@SEA,11,1.0,0.0
2026,restofseason,Brock Lampe,RB,SEA,NE,11,1.0,0.0
2026,restofseason,Tamorrion Terry,WR,SEA,NE,11,1.0,0.0
2026,restofseason,Daniel Arias,WR,ARI,@LAC,14,1.0,0.0
2026,restofseason,Tyree Jackson,TE,WAS,@PHI,7,1.0,0.0
2026,restofseason,Tanner McLachlan,TE,SF,@LAR,8,1.0,0.0
2026,restofseason,Ben Yurosek,TE,MIN,GB,6,1.0,0.0
2026,restofseason,Andrew Armstrong,WR,KC,DEN,5,1.0,0.0
2026,restofseason,Thyrick Pitts,WR,GB,@MIN,11,0.0,0.0
2026,restofseason,Shaq Roland,WR,CHI,@CAR,10,1.0,0.0
2026,restofseason,Ontaria Wilson,WR,NYJ,@TEN,13,1.0,0.0
2026,restofseason,Jerjuan Newton,WR,DEN,@KC,10,1.0,0.0
2026,restofseason,Jordan Mims,RB,PHI,WAS,10,1.0,0.0
2026,restofseason,Dillon Johnson,RB,CAR,CHI,5,1.0,0.0
2026,restofseason,John Jackson III,WR,CHI,@CAR,10,1.0,0.0
2026,restofseason,C.J. Conrad,TE,NYG,DAL,8,1.0,0.0
2026,restofseason,Dai'Jean Dixon,WR,NO,@DET,8,1.0,0.0
2026,restofseason,Aaron Dykes,RB,MIN,GB,6,1.0,0.0
2026,restofseason,A.J. Rose,RB,LAR,SF,11,1.0,0.0
2026,restofseason,Drew Allar,QB,PIT,ATL,9,3.0,0.0
2026,restofseason,Nate Wieting,TE,NYG,DAL,8,0.0,0.0
2026,restofseason,Felton Davis,WR,KC,DEN,5,1.0,0.0
2026,restofseason,Aleva Hifo,WR,ARI,@LAC,14,1.0,0.0
2026,restofseason,Dominic Lovett,WR,DET,NO,6,1.0,0.0
2026,restofseason,Jacob Harris,TE,TB,@CIN,10,1.0,0.0
2026,restofseason,Nick Eubanks,TE,IND,BAL,13,1.0,0.0
2026,restofseason,Branden Mack,WR,DEN,@KC,10,1.0,0.0
2026,restofseason,Jermar Jefferson,RB,MIN,GB,6,1.0,0.0
2026,restofseason,Tru Edwards,WR,LAR,SF,11,1.0,0.0
2026,restofseason,Tanner Morgan,QB,MIN,GB,6,1.0,0.0
2026,restofseason,Cortez Braham Jr.,WR,BAL,@IND,13,1.0,0.0
2026,restofseason,Jose Barbon,WR,DAL,@NYG,14,1.0,0.0
2026,restofseason,Deion Hankins,RB,CHI,@CAR,10,1.0,0.0
2026,restofseason,Trevor Siemian,QB,ATL,@PIT,11,1.0,0.0
2026,restofseason,Hunter Luepke,RB,DAL,@NYG,14,1.0,0.0
2026,restofseason,Camren McDonald,TE,LAR,SF,11,1.0,0.0
2026,restofseason,Clayton Tune,QB,GB,@MIN,11,1.0,0.0
2026,restofseason,Tucker Fisk,TE,LAC,ARI,7,1.0,0.0
2026,restofseason,Thomas Hennigan,WR,MIN,GB,6,1.0,0.0
2026,restofseason,Caden Prieskorn,TE,CAR,CHI,5,1.0,0.0
2026,restofseason,James Proche,WR,TEN,NYJ,9,1.0,0.0
2026,restofseason,Sterling Shepard,WR,HOU,BUF,8,1.0,0.0
2026,restofseason,Ethan Conner,TE,MIA,@LV,6,1.0,0.0
2026,restofseason,Jason Bean,QB,IND,BAL,13,1.0,0.0
2026,restofseason,Tyler Neville,TE,DAL,@NYG,14,1.0,0.0
2026,restofseason,Nick Guggemos,TE,BUF,@HOU,7,1.0,0.0
2026,restofseason,Luke Floriea,WR,CLE,@JAC,11,1.0,0.0
2026,restofseason,Allen Lazard,WR,NYJ,@TEN,13,1.0,0.0
2026,restofseason,D'Wayne Eskridge,WR,MIA,@LV,6,1.0,0.0
2026,restofseason,Louis Hansen,TE,HOU,BUF,8,1.0,0.0
2026,restofseason,Malachi Carter,WR,CIN,TB,6,1.0,0.0
2026,restofseason,Andre Miller,WR,GB,@MIN,11,1.0,0.0
2026,restofseason,Matthew Caldwell,QB,LAR,SF,11,1.0,0.0
2026,restofseason,Dylan Drummond,WR,ATL,@PIT,11,1.0,0.0
2026,restofseason,Nikko Remigio,WR,KC,DEN,5,1.0,0.0
2026,restofseason,Pete Guerriero,RB,PIT,ATL,9,1.0,0.0
2026,restofseason,Michael Wiley,RB,TB,@CIN,10,1.0,0.0
2026,restofseason,Xavier Gipson,WR,NYG,DAL,8,1.0,0.0
2026,restofseason,Milton Williams,WR,LV,MIA,13,1.0,0.0
2026,restofseason,Matt Colburn,RB,JAC,CLE,7,1.0,0.0
2026,restofseason,Hakeem Butler,TE,DEN,@KC,10,1.0,0.0
2026,restofseason,Praise Olatoke,WR,CAR,CHI,5,1.0,0.0
2026,restofseason,Kenzel Doe,WR,PIT,ATL,9,1.0,0.0
2026,restofseason,Chris Oladokun,QB,KC,DEN,5,1.0,0.0
2026,restofseason,Josh Love,QB,CAR,CHI,5,1.0,0.0
2026,restofseason,Steven Sims,WR,ARI,@LAC,14,1.0,0.0
2026,restofseason,Bobo Beathard,WR,ARI,@LAC,14,1.0,0.0
2026,restofseason,Cameron Scarlett,RB,SEA,NE,11,1.0,0.0
2026,restofseason,Keleki Latu,TE,BUF,@HOU,7,1.0,0.0
2026,restofseason,Michael Young Jr.,WR,HOU,BUF,8,1.0,0.0
2026,restofseason,Zaire Mitchell-Paden,TE,HOU,BUF,8,1.0,0.0
2026,restofseason,Ahmarean Brown,WR,BUF,@HOU,7,1.0,0.0
2026,restofseason,Noah Brown,WR,LV,MIA,13,1.0,0.0
2026,restofseason,D'Ernest Johnson,RB,TEN,NYJ,9,1.0,0.0
2026,restofseason,Xavier Loyd,WR,KC,DEN,5,1.0,0.0
2026,restofseason,Jake Fromm,QB,DET,NO,6,1.0,0.0
2026,restofseason,Quez Watkins,WR,PHI,WAS,10,1.0,0.0
2026,restofseason,Ethan Garbers,QB,CAR,CHI,5,1.0,0.0
2026,restofseason,Tim Brown,TE,TB,@CIN,10,1.0,0.0
2026,restofseason,Xavier White,WR,IND,BAL,13,1.0,0.0
2026,restofseason,Dillon Gabriel,QB,CLE,@JAC,11,1.0,0.0
2026,restofseason,Kobe Lewis,RB,SEA,NE,11,1.0,0.0
2026,restofseason,Jaylon Moore,WR,JAC,CLE,7,1.0,0.0
2026,restofseason,Joseph Ngata,WR,PHI,WAS,10,1.0,0.0
2026,restofseason,Jalen Jackson,RB,JAC,CLE,7,1.0,0.0
2026,restofseason,Ty Scott,WR,SEA,NE,11,1.0,0.0
2026,restofseason,Shawn Bowman,TE,ARI,@LAC,14,1.0,0.0
2026,restofseason,Ronald Awatt,RB,SF,@LAR,8,1.0,0.0
2026,restofseason,Ajou Ajou,WR,IND,BAL,13,1.0,0.0
2026,restofseason,Ryan Aplin,QB,FA,BYE,0,1.0,0.0
2026,restofseason,Devin Duvernay,WR,ARI,@LAC,14,1.0,0.0
2026,restofseason,CJ Verdell,RB,IND,BAL,13,1.0,0.0
2026,restofseason,Kevin Kassis,WR,SEA,NE,11,1.0,0.0
2026,restofseason,Greg Bell,RB,PIT,ATL,9,1.0,0.0
2026,restofseason,Albert Okwuegbunam,TE,LV,MIA,13,1.0,0.0
2026,restofseason,Rashad Rochelle,WR,SEA,NE,11,1.0,0.0
2026,restofseason,TJ Pledger,RB,ARI,@LAC,14,1.0,0.0
2026,restofseason,Durham Smythe,TE,BAL,@IND,13,1.0,0.0
2026,restofseason,Mecole Hardman,WR,BUF,@HOU,7,1.0,0.0
2026,restofseason,Elijah Tau-Tolliver,RB,BAL,@IND,13,1.0,0.0
2026,restofseason,Johnnie Dixon,WR,DAL,@NYG,14,1.0,0.0
2026,restofseason,Tyler Boyd,WR,TEN,NYJ,9,1.0,0.0
2026,restofseason,Donovan Edwards,RB,MIA,@LV,6,1.0,0.0
2026,restofseason,Scotty Washington,TE,BAL,@IND,13,0.0,0.0
2026,restofseason,Taylor Grimes,WR,DEN,@KC,10,1.0,0.0
2026,restofseason,Rivaldo Fairweather,TE,ARI,@LAC,14,1.0,0.0
2026,restofseason,Matt Sokol,TE,PIT,ATL,9,0.0,0.0
2026,restofseason,Nathaniel Peat,RB,DAL,@NYG,14,1.0,0.0
2026,restofseason,Max Brosmer,QB,MIN,GB,6,1.0,0.0
2026,restofseason,B.J. Catalon,RB,FA,BYE,0,1.0,0.0
2026,restofseason,Lance Mason,TE,PIT,ATL,9,1.0,0.0
2026,restofseason,Xazavian Valladay,RB,MIN,GB,6,1.0,0.0
2026,restofseason,Taylor Morin,WR,PHI,WAS,10,1.0,0.0
2026,restofseason,LaVance Taylor,RB,KC,DEN,5,1.0,0.0
2026,restofseason,John Rhys Plumlee,WR,PIT,ATL,9,1.0,0.0
2026,restofseason,Shermari Jones,RB,CIN,TB,6,1.0,0.0
2026,restofseason,Juwann Winfree,WR,HOU,BUF,8,1.0,0.0
2026,restofseason,Keelan Marion,WR,ATL,@PIT,11,1.0,0.0
2026,restofseason,DaRon Brown,WR,FA,BYE,0,1.0,0.0
2026,restofseason,TJ Sheffield,WR,TEN,NYJ,9,1.0,0.0
2026,restofseason,Bryce Oliver,WR,TEN,NYJ,9,1.0,0.0
2026,restofseason,Sone Ntoh,RB,BAL,@IND,13,0.0,0.0
2026,restofseason,Kyle Sheets,WR,KC,DEN,5,1.0,0.0
2026,restofseason,Teagan Quitoriano,TE,ARI,@LAC,14,1.0,0.0
2026,restofseason,Justin Lockhart,WR,KC,DEN,5,1.0,0.0
2026,restofseason,Titus Swen,RB,IND,BAL,13,1.0,0.0
2026,restofseason,Chris Collier,RB,LV,MIA,13,1.0,0.0
2026,restofseason,Isaiah Spiller,RB,LV,MIA,13,1.0,0.0
2026,restofseason,Adam Choice,RB,SEA,NE,11,1.0,0.0
2026,restofseason,Ty Chandler,RB,NO,@DET,8,1.0,0.0
2026,restofseason,Elijah Dotson,RB,ATL,@PIT,11,1.0,0.0
2026,restofseason,Brittain Brown,RB,CHI,@CAR,10,1.0,0.0
2026,restofseason,Shaun Beyer,TE,GB,@MIN,11,1.0,0.0
2026,restofseason,Demetric Felton,RB,WAS,@PHI,7,1.0,0.0
2026,restofseason,Parris Campbell,WR,DAL,@NYG,14,1.0,0.0
2026,restofseason,Noah Gray,TE,KC,DEN,5,1.0,0.0
2026,restofseason,Octavian Smith Jr.,WR,BAL,@IND,13,1.0,0.0
2026,restofseason,Tyrion Davis-Price,RB,GB,@MIN,11,1.0,0.0
2026,restofseason,Jacob Cowing,WR,SF,@LAR,8,1.0,-0.1
2026,restofseason,Dyami Brown,WR,WAS,@PHI,7,1.0,-0.1
