"","","","","Projection","","","","","Draft","","Passing","","","","","Rushing","",""
"RANK","NAME","Position","Team","BYE","FPTS","GP","FPTS/G","TIER","POS","ADP","ATT","CMP","YDS","TD","INT","ATT","YDS","TD"
"1","Josh Allen","QB","BUF","7","335.9","15","22.39","1","1","22.8","466","311","3585","24.6","11","106","523","9.2"
"2","Lamar Jackson","QB","BLT","13","312.2","15","20.81","2","2","31.2","434","283","3528","24.0","9","121","668","3.5"
"3","Jayden Daniels","QB","WAS","7","309.0","15","20.60","2","6","63.8","435","282","3287","19.8","8","132","807","4.8"
"4","Drake Maye","QB","NE","11","306.0","15","20.40","2","3","47.1","458","309","3728","25.3","10","94","507","3.2"
"5","Jalen Hurts","QB","PHI","10","303.4","15","20.22","2","5","60.9","458","301","3354","21.7","7","109","502","7.1"
"6","Joe Burrow","QB","CIN","6","295.7","15","19.71","3","4","51.7","543","368","3971","31.0","11","40","173","1.5"
"7","Dak Prescott","QB","DAL","14","295.5","15","19.70","3","8","78.1","536","360","4058","29.3","12","49","188","1.9"
"8","Trevor Lawrence","QB","JAX","7","282.3","15","18.82","3","12","100.9","501","319","3665","23.7","12","66","296","4.3"
"9","Justin Herbert","QB","LAC","7","280.6","15","18.71","4","9","82.9","514","340","3783","25.2","10","62","306","1.8"
"10","Brock Purdy","QB","SF","8","278.9","15","18.59","4","15","121.2","471","314","3720","27.1","14","57","254","2.2"
"11","Jaxson Dart","QB","NYG","8","273.7","14.5","18.88","4","10","90.6","428","274","3047","18.7","9","100","559","5.6"
"12","Caleb Williams","QB","CHI","10","272.9","15","18.19","4","7","71.3","506","308","3623","23.7","10","65","336","2.0"
"13","Matthew Stafford","QB","LA","11","271.6","15","18.10","4","11","95.4","522","340","4015","29.5","10","25","23","0.4"
"14","Bo Nix","QB","DEN","10","270.8","15","18.05","4","14","119.9","533","343","3584","23.8","11","69","308","2.3"
"15","Patrick Mahomes","QB","KC","5","269.9","15","17.99","4","13","106.3","511","333","3680","24.8","11","55","311","1.0"
"16","Malik Willis","QB","MIA","6","265.7","15","17.71","4","23","193.7","400","270","2814","16.5","11","114","758","4.2"
"17","Tyler Shough","QB","NO","8","264.9","15","17.66","5","22","183.8","523","348","3695","20.8","10","64","299","2.9"
"18","Jared Goff","QB","DET","6","262.4","15","17.49","5","16","133.8","513","346","3958","27.1","8","21","44","0.3"
"19","Kyler Murray","QB","MIN","6","259.6","14","18.54","5","19","159.5","463","310","3252","20.9","9","71","415","2.7"
"20","Jordan Love","QB","GB","11","255.3","15","17.02","5","18","148.8","470","303","3546","24.7","8","42","181","1.2"
"21","Baker Mayfield","QB","TB","10","251.4","15","16.76","5","17","141.3","489","308","3451","23.9","12","53","255","1.1"
"22","Sam Darnold","QB","SEA","11","247.2","15","16.48","6","20","175.4","470","307","3732","23.3","12","41","140","0.8"
"23","C.J. Stroud","QB","HST","8","246.8","15","16.45","6","24","203.8","493","315","3563","22.1","12","48","217","1.5"
"24","Daniel Jones","QB","IND","13","240.4","14","17.17","6","25","204.8","469","311","3407","20.3","10","50","189","2.7"
"25","Jacoby Brissett","QB","ARZ","14","230.3","14","16.45","7","34","243.0","469","303","3284","20.6","8","42","188","1.5"
"26","Geno Smith","QB","NYJ","13","222.9","15","14.86","7","90","999.0","479","317","3325","21.1","14","49","172","1.0"
"27","Bryce Young","QB","CAR","5","213.2","15","14.22","8","28","227.2","462","293","3026","18.9","10","46","224","1.1"
"28","Aaron Rodgers","QB","PIT","9","212.3","15","14.15","8","30","228.8","479","313","3136","21.8","8","19","69","0.4"
"29","Cam Ward","QB","TEN","9","209.8","15","13.99","8","26","212.6","504","316","3186","17.8","10","42","177","1.2"
"30","Deshaun Watson","QB","CLV","11","193.9","14","13.85","9","103","999.0","456","283","2808","16.8","12","46","245","0.8"
"31","Fernando Mendoza","QB","LV","13","155.1","10","15.51","10","21","179.4","324","206","2230","13.2","7","33","146","1.3"
"32","Tua Tagovailoa","QB","ATL","11","127.3","9","14.14","11","32","236.5","295","193","2034","11.9","9","21","61","0.4"
"33","Michael Penix Jr.","QB","ATL","11","118.5","8","14.81","11","29","227.9","260","160","1804","10.3","5","21","78","0.6"
"34","Kirk Cousins","QB","LV","13","111.7","7","15.95","12","81","999.0","241","158","1730","10.9","5","12","21","0.4"
"35","J.J. McCarthy","QB","MIN","6","47.5","3","15.84","13","27","224.2","93","58","652","4.1","3","12","59","0.4"
"36","Shedeur Sanders","QB","CLV","11","41.1","3","13.70","13","31","236.1","93","55","617","3.4","4","9","58","0.2"
"37","Jameis Winston","QB","NYG","8","40.3","2.5","16.13","13","96","999.0","86","53","617","3.8","3","8","29","0.1"
"38","Carson Beck","QB","ARZ","14","37.9","3","12.64","13","118","999.0","92","55","568","2.9","3","11","55","0.3"
"39","Marcus Mariota","QB","WAS","7","36.2","2","18.08","13","95","999.0","63","39","466","2.9","2","10","59","0.4"
"40","Justin Fields","QB","KC","5","34.6","2","17.30","13","114","999.0","56","35","385","2.2","2","14","91","0.6"
"41","Tyson Bagent","QB","CHI","10","33.3","2","16.67","13","128","999.0","64","42","444","2.7","1","9","46","0.3"
"42","Tanner McKee","QB","PHI","10","33.3","2","16.67","13","78","999.0","72","45","495","3.1","2","6","22","0.1"
"43","Josh Johnson","QB","CIN","6","32.7","2","16.35","13","42","544.0","66","42","468","2.7","2","7","39","0.3"
"44","Joe Milton III","QB","DAL","14","32.5","2","16.24","14","130","999.0","59","38","426","2.4","2","10","57","0.4"
"45","Mac Jones","QB","SF","8","31.9","2","15.97","14","108","999.0","65","43","460","3.0","2","6","20","0.2"
"46","Anthony Richardson","QB","IND","13","30.5","2","15.23","14","80","999.0","56","31","378","1.9","2","12","64","0.6"
"47","Jake Browning","QB","TB","10","30.1","2","15.06","14","100","999.0","64","42","453","2.9","2","6","25","0.1"
"48","Tyrod Taylor","QB","GB","11","29.8","2","14.90","14","49","658.2","55","34","375","2.1","2","11","62","0.4"
"49","Joshua Dobbs","QB","DET","6","29.4","2","14.70","14","69","692.3","63","40","433","2.5","1","9","35","0.0"
"50","Mitchell Trubisky","QB","TEN","9","29.4","2","14.68","14","102","999.0","66","43","433","2.7","2","7","26","0.2"
"51","Nick Mullens","QB","JAX","7","29.3","2","14.65","14","51","660.0","64","42","466","2.8","3","4","13","0.2"
"52","Trey Lance","QB","LAC","7","29.3","2","14.64","14","111","999.0","58","34","373","1.8","2","13","71","0.3"
"53","Spencer Rattler","QB","NO","8","29.2","2","14.59","14","74","999.0","70","45","453","2.2","2","7","35","0.1"
"54","Davis Mills","QB","HST","8","27.6","2","13.78","14","115","999.0","66","41","424","2.5","2","5","19","0.1"
"55","Jarrett Stidham","QB","DEN","10","27.5","2","13.75","14","98","999.0","59","36","387","2.1","2","9","42","0.3"
"56","Drew Lock","QB","SEA","11","27.3","2","13.63","14","70","692.7","62","39","438","2.3","2","5","24","0.1"
"57","Quinn Ewers","QB","MIA","6","27.0","2","13.52","14","86","999.0","61","40","437","2.4","2","5","18","0.1"
"58","Kenny Pickett","QB","CAR","5","27.0","2","13.49","14","109","999.0","62","40","402","2.4","2","6","26","0.1"
"59","Ty Simpson","QB","LA","11","26.4","2","13.21","14","33","241.8","60","37","398","2.3","2","4","27","0.1"
"60","Will Howard","QB","PIT","9","25.7","2","12.85","15","82","999.0","60","37","394","2.2","2","6","27","0.1"
"61","Kyle Allen","QB","BUF","7","24.2","2","12.09","15","57","665.6","62","38","388","2.2","2","4","13","0.1"
"62","Tommy DeVito","QB","NE","11","24.1","2","12.04","15","129","999.0","52","33","333","1.6","1","9","43","0.3"
"63","Tyler Huntley","QB","BLT","13","23.3","2","11.66","15","91","999.0","45","29","294","1.3","1","11","59","0.3"
"64","Brady Cook","QB","NYJ","13","21.8","2","10.88","15","117","999.0","63","38","386","1.7","2","5","19","0.1"
"65","Riley Leonard","QB","IND","13","13.9","1","13.86","15","85","999.0","34","21","216","1.2","1","2","13","0.1"
"66","Stetson Bennett","QB","LA","11","0.0","0","0.00","15","126","999.0","0","0","0","0.0","0","0","0","0.0"
"66","Aidan O'Connell","QB","LV","13","0.0","0","0.00","15","54","662.3","0","0","0","0.0","0","0","0","0.0"
"66","Gardner Minshew","QB","ARZ","14","0.0","0","0.00","15","66","677.8","0","0","0","0.0","0","0","0","0.0"
"66","Andy Dalton","QB","PHI","10","0.0","0","0.00","15","88","999.0","0","0","0","0.0","0","0","0","0.0"
"66","Jalen Milroe","QB","SEA","11","0.0","0","0.00","15","79","999.0","0","0","0","0.0","0","0","0","0.0"
"66","Dillon Gabriel","QB","CLV","11","0.0","0","0.00","15","89","999.0","0","0","0","0.0","0","0","0","0.0"
"66","Mason Rudolph","QB","PIT","9","0.0","0","0.00","15","107","999.0","0","0","0","0.0","0","0","0","0.0"